pdb_id	chain	sequence	ss3
8ajp	A	VPDFETRDPNSPAFWDERFERRFTPWDQAGVPAAFQSFAARHSGAAVLIPGCGSAYEAVWLAGQGNPVRAIDFSPAAVAAAHEQLGAQHAQLVEQADFFTYEPPFTPAWIYERAFLCALPLARRADYAHRMADLLPGGALLAGFFFLGATPKGPPFGIERAELDALLTPYFDLIEDEAVHDSIAVFAGRERWLTWRRRA	CCCCCCCCCCCHHHHHHHHHCCCCCCCCCCCCHHHHHHHHHCCCCCEEEECCCCCHHHHHHHHHCCCEEEEECCHHHHHHHHHHHHHHHHHHEEECCCCCCCCCCCCCEEEEECCHHHCCHHHHHHHHHHHHHHCCCCCEEEEEEEECCCCCCCCCCECHHHHHHHHCCCEEEEEEECCCCCCHHHCCCEEEEEEEECC
7ljp	A	SNAMKVSGWGEMVKVVATNKKAYTDYEILETYEAGIVLTGTEVKSLRNGSVNFKDSFCRFKNGELYLLNLHIPPYSHGGVYNHDPERPRKLLLHKRELKRLMGKVQEEGVTIVPLKIYFNDRGIAKVEIAVARGK	CEEEEECCCCCEEEEEEECHHHHHHEEEEEEEEEEECCCHHHHHHHHCCCCCCCCCEEEEECCEEEEECCCCCCCCCCHHHCCCCCCCEEEECCHHHHHHHHHHCCCCCEEEEEEEEEECCCCCEEEEEEEEEEC
4lba	A	SYPFTVEVPVPNKVVKGQTVEIRCELKKEGDFSGTLYTIRYFQFEGEGSLKDNGITFLPNDRYLLENEKFRLYYTAAGDEAHNFIVVVEDNFSNSYELEFDFNN	CCCEEEEECCCCCCCCCCEEEEEEEEEECCCCCCCCEEEEEEEEECCEEEECCCCECCCCCCEECCCCEEEEEEEECCCCCEEEEEEEEECCCCEEEEEEEECC
3pfe	A	GFKPQGLYDYICQQWQEEILPSLCDYIKIPNKSPHFDAKWEEHGYEQAVNHIANWCKSHAPKGTLEIVRLKNRTPLLFEIPGQIDDTVLLYGHLDKQPESGWSDDLHPWKPVLKNGLLYGRGGADDGYSAYASLTAIRALEQQGLPYPRCILIIEACEESGSYDLPFYIELLKERIGKPSLVICLDSGAGNYEQLWTTSLRGNLVGKLTVELINEGVHSGSASGIVADSFRVARQLISRIEDENTGEIKLPQLYCDIPDERIKQAKQCAEILGEQVYSEFPWIDSAKPVIQDKQQLILNRTWRPALTVTGADGFPAIADAGNVRPVTSLKLSRLPPLVDPEAASVAEKALTQNPPYNAKVDFKIQNGGSKGWNAPLLSDWLAKAASEASTYYDKPAAYGEGGTIPFSLGEQFPKAQFITGVLGPHSNAHGPNEFLHLDVKKLTSCVSYVLYSFSQK	CCCHHHHHHHHHHHHHHHHHHHHHHHHCCCCECHHHCCCHHHHCHHHHHHHHHHHHHHCCCCCEEEEECCCCCCCEEEEECCCEEEEEEEEEECCECCCCCCCCCCECCECEEECCEEECCCHHHHHHHHHHHHHHHHHHHHCCCCCEEEEEEEECCHHHCCCCHHHHHHHHHHHHCCCCEEEEECCECCCCCCCEEEEECEEEEEEEEEECCCCCECHHHHCCCCCCHHHHHHHHHHHHECCCCCCECCHHHCCCCCHHHHHHHHHHHHHHHHHHCCCCCCCCCCCCCCCCHHHHHHHHHCCCEEEEEEEECCCCCCCCCCCCCEEEEEEEEECCCCCHHHHHHHHHHHHCCCHHHCEEEEEECCCCECCEECCCCCHHHHHHHHHHHHHHCCCCEEEECCCCHHHHHHHCCCCEEEECCECCCCCCCCCCCEEEHHHHHHHHHHHHHHHHHHHC
2vvw	A	IKPDYLEYDDLLDRDEMFTILEEYFMYRGLLGLRIKYGRLFNEIKKFDNDAEEQFGTIEELKQKLRLNSEEGADNFIDYIKVQKQDIVKLTVYDCISMIGLCACVVDVWRNEKLFSRWKYCLRAIKLFINDHMLDKIKSILQNRLVYVEM	CCCCCCCCCCCCCCCCHHHHHHHHHHHHHHHCCCCCCCHHHHHHHCHHHHHHHHHCCHHHHHHHCCCCCCCHHHHHHHHHHHHHHHCCCCCHHHHHHHHHHHHHHHHHHHHCCCHHHHHHHHHHHHHHCCHHHHHHHHHHHHHHHHHHHC
6gkw	A	GLPSINISFKELATTVKERSARGIIAVLKDAKALGLNEIHEKEDIPVDLSAENKEYINLALGNVNTPNKLLVYVIEGEADIQTALDFLETKEFNYLCPKAVEADKTAIKNWIIKLRDIDKVKVKAVLGKVVGNHEGIINFTTEDVLVGEKKYSVDEFTSRVAGLIAGTPLSQSVTYTKLSDVVDIPKTKVDAESKVNKGELILIKEAGAIRIARGVNSLTELTAEKGEFQKIKIVDTLDIIHSDIRKVIIDDYIGKVTNSYDNKCLLIVAIKSYLEELEKSALIESDSTVEIDFEAQKSYLKSKGVDLSYTLQEIKEANTGSKVFLKAKIKVLDAEDIDLSIEI	CCHHHHHHHHHHHHHHHHHHHCCEEEEEECCCCCEEEEECCHHHCCCCCCHHHHHHHHHHHCCCCCCCEEEEEEECCCCCHHHHHHHHCCCCCCEEECCCCHHHHHHHHHHHHHHHHHHCCCCEEEEECCCCCCCCEEEECCCCEEECCEEECHHHHHHHHHHHHHCCCCCCCCCCCECCCEEECCCCHHHHHHHHHCCEECEEEECCEEEECCCECCCCCCCCCCCHHHEHHHHHHHHHHHHHHHHHHHHHHCCCCCCCHHHHHHHHHHHHHHHHHHHHCCCECCCCEEEECHHHHHHHHHHCCCCCCCCHHHHHHCCCCCCCEEEEEECECCCCCEEEEEEC
7fh9	A	KAEKFYSLACYHAQLFSKDPNTKVAALVIDNNNNIASVGYNGLPRGFEETSDRWEKPMKYNYVVHAQANAIATAARNGVRLDGCSIITTLFPCKECSKLIIQSGIRKVITSKPCKDSSWLESFSFSNEMFDECGIEVEYL	CHHHHHHHHHHHHHHHCCCCCCCCEEEEECCCCCEEEEEECECCCCCCCCHHHHCCCHHHHCCECHHHHHHHHHHHHCCCCCCCEEEECCCCCHHHHHHHHHCCCCEEEECCCCCCHHHHHHHHHHHHHHHHHCCEEEEC
6rvc	A	KMWLHYFRDWLQGLQDAFDSDWETGKIMPNNYKNGSDDGVLAYKLLVQTGSRDKPIDISQLTKQRLVDADGIINPSAFYIYLTAWVSNDPVAYA	CCHHHHHHHHHHHHHHHHHHHHHCCCCECCECCCCCHHHHHHHHHHCECCCCCCCECHHHHHCCCCECCCCCECCCCHHHHHHHHHHHCHHHHC
8rpx	A	NLENLTTRELLAVSRASLRELKRRGVIRSGNAPAGDYAELLVQRATDGELANASQKSWDIRTTEGDRLQVKARVITDEHANGERQLSTIRSWDFDAAVIVLFDDNFRVWRAARVPAAIMKEAAYYSQHVRGYTVYAKDALLNHSEVEDWTEQLRSVEQ	CHHHCCHHHHHHHHHHHHHHHHHCCCCCCCCCHHHHHHHHHHHHHHCCEECCCCCCCCCEECCCCCEEEEEEEEECCCCCHHHHECCCECCCCCCEEEEEEEECCCCEEEEEEEEHHHHHHHCEEECCCCEEECECCHHHHCCCCCEECHHHHHCCCC
8t6e	A	SVNTSFLSPSLVTIRDFDKGQFAVLRIGRTGFPADKGDIDLCLSKMDGVLAAQLYLGNPREPGFKGPHIRIRCVDIDDKHTYNAMVYVDLIVGTGASEVERETAEERARRALAVALRVDEADEHSCVTQFEMKLREELLSSDSFHPDKDEYYKDFL	CEEEEEEECCEEEEEECCCCEEEEEECCCCCCCCCHHHHHHHHHHHHHHHHHHHHHCCCCCCCCCCCEEEEEEEEEECCCCCEEEEEEEEEEECCCCHHHHHHHHHHHHHHHHHHCCCCCCCCCCCEEEEEEEEEEECCCCCCCCCCCHHHHCCCC
1d9c	A	QGQFFREIENLKEYFNASSPDVAKGGPLFSEILKNWKDESDKKIIQSQIVSFYFKLFENLKDNQVIQRSMDIIKQDMFQKFLNGSSEKLEDFKKLIQIPVDDLQIQRKAINELIKVMNDLS	CHHHHHHHHHHHHHHCCCCCCCCCCCCCCHHHHHHCCCCCCCHHHHHHHHHHHHHHHHCCCCCCCCHHHHHHHHHHHHHHHCCCCHHHHHHHHHHHCCCCCCHHHHHHHHHCHHHHHHHHC
8g28	A	GHYDVLSALQKSIRGSDVDASLHYTARLIEAGDLPSLARRLTVIAYEDIGLANPEAQIHTVTALDAAQKIGFPEARILIANVVIDLALSPKSNSAYVADKALADLKT	CCHHHHHHHHHHHHCCCHHHHHHHHHHHHHHCCHHHHHHHHHHHHHHHHHHHCHHHHHHHHHHHHHHHHHCCCCHHHHHHHHHHHHHCCCCCCHHHHHHHHHHHCCC
1c7k	A	TVTVTYDPSNAPSFQQEIANAAQIWNSSVRNVQLRAGGNADFSYYEGNDSRGSYAQTDGHGRGYIFLDYQQNQQYDSTRVTAHETGHVLGLPDHYQGPCSELMSGGGPGPSCTNPYPNAQERSRVNALWANG	CEEEEEEEEECHHHHHHHHHHHHHHHHHCCCEEEEECCCCCEEEEEECCCCCCEEEECCCCCEEEEEEHHHHHHCCHHHHHHHHHHHHHCCCCCCCCCCCCHHHCCCCCCCCCCCCCCHHHHHHHHHHCCCC
3dgb	A	HASAIESIETIIVDLPTIRPHKLAMHTMQNQTLVLIRLRCADGIEGLGESTTIGGLAYGNESPDSIKTNIDRFVAPLLIGQDASNINAAMLRLEQSIRGNTFAKSGIESALLDAQGKRLGLPVSELLGGRVRDALPVAWTLASGDTAKDIAEAQKMLDLRRHRIFKLKIGAGEVDRDLAHVIAIKKALGDSASVRVDVNQAWDEAVALRACRILGGNGIDLIEQPISRNNRAGMVRLNASSPAPIMADESIECVEDAFNLAREGAASVFALKIAKNGGPRATLRTAAIAEAAGIGLYGGTMLEGGIGTLASAHAFLTLNKLSWDTELFGPLLLTEDILAEPPVYRDFHLHVSKAPGLGLSLDEERLAFFRR	CCCEEEEEEEEEEEEEEEEEEECCCCEEEEEEEEEEEEEECCCCEEEEEEECCCCCCCCCCCHHHHHHHHHHHHHHHHCCCECCCHHHHHHHHHHHCCCCHHHHHHHHHHHHHHHHHHHCCEHHHHCCCCCCCEEEECEEECCCCHHHHHHHHHHHHHCCCCCEEEEECCCCCHHHHHHHHHHHHHHHHHHCEEEEECCCCECHHHHHHHHHHHHCCCCCCEECCECCCCHHHHHHHHHHCCCCEEECCCCCCHHHHHHHHHHCCCCEEEECHHHHCCHHHHHHHHHHHHHHCCEEEECCCCCCHHHHHHHHHHHCCCCCCCCCECCCHHHHECCCCECCCCEEECCEEECCCCCECCCCECHHHHHHHEC
2ev1	A	ANIDDLLGDLGGTARAERAKLVEWLLEQGITPDEIRATNPPLLLATRHLVGDDGTYVSAREISENYGVDLELLQRVQRAVGLARVDDPDAVVHMRADGEAAARAQRFVELGLNPDQVVLVVRVLAEGLSHAAEAMRYTALEAIMRPGATELDIAKGSQALVSQIVPLLGPMIQDMLFMQLRHMME	CCHHHHHCCCCHHHHHHHHHHHHHHHHCCCCHHHHHHCCCCCCHHHHHHCCCCCCEECHHHHHHHHCCCHHHHHHHHHHHCCCCCCCCCCCCEEHHHHHHHCCHHHHHHCCCCHHHHHHHHHHHHHHHHHHHHHHHHHHHHHHCCCCCCHHHHHHHHHHHHHHHHHHHHHHHHHHHHHHHHHHHC
3hi2	B	MEKRTPHTRLSQVKKLVNAGQVRTTRSALLNADELGLDFDGMCNVIIGLSESDFYKSMTTYSDHTIWQDVYRPRLVTGQVYLKITVIHDVLIVSFKE	CEECCCCCCHHHHHHHHHCCCEEEEHHHHHHHHHCCCCHHHHHHHHHCCCHHHEEEEECCCCCCCCCEEEECCEECCEECCEEEEEECCEEEEEECC
3pu9	A	PVTIELAVAKTHKFGTRESGDTVELVERPGGGFSAVLVDGQGSGAGAKRLSLLVAGAAVRLLNEGVRDGAAARAAHDFLYARDGKVSAALDILSVDLASRSVLVTRNSEVPLLGRNGEFEQISESGGRIGIYRHTRPRVLEFPAEPGLTVILVSDGIIGAGGRRGQPLEFLATGGRVAGPETPAQAIADELLEAALVADDGRAGDDTVVVLRLRNVEEVEPIRRALTVPLG	CEEEEEEEEEECCCCCCCCCEEEEEEECCCCEEEEEEEEECCCHHHHHHHHHHHHHHHHHHHHCCCCHHHHHHHHHHHHHHCCCCCCEEEEEEEEECCCCEEEEEEECCCCEEEECCEEEEECCCCCCECCCCCCCCEEEEEECCCCCEEEEECHHHHCCCCCCCCCCCHHHHHHHHCCCCCCHHHHHHHHHHHHHHHCCCCCCCCEEEEEEEEECCCCCCCEEEEEEECC
7x5e	B	HLTRDELRAKALHIPFPVEKIINLPVVDFNEMMSKEQFNEAQLALIRDIRRRGKNKVAAQNCRKRKLENIVELEQDLDHLKDEKEKLLKEKGENDKSLHLLKKQLS	CCCHHHHHHHHCCCCCCHHHHHHCCHHHHHHHHCCCCCCHHHHHHHHHHHHHHHHHHHHHHHHHHHHHHHHHHHHHHHHHHHHHHHHHHHHHHHHHHHHHHHHHCC
5bob	B	QQSPLIQTSNADYKSGKDQEKLRTSVSINLLKAEEGQIQWKVTFDTSEWSFNVKHGGVYFILPNGLDLTKIVDNNQHDITASFPTDINDYRNSGQEKYRFFSSKQGLDNENGFNSQWNWSAGQANPSETVNSWKSGNRLSKIYFINQITDTTELTYTLTAKVTEPNQQSFPLLAVKSFTYTNSKSTEVTSLGAREITL	CECCCEEEECCCHHHHHHHHHHHCCEEEEEEEEECCEEEEEEEEECCCCCCCCCCEEEEEEEECCEEEEEEECCCCCECHHHCCCCCCCHHHCCCCCEEEEECCCCCCCCCCHHHHHHCCHHHCCCCHHHHHHHHCCCEEEEEEEEEECCCCEEEEEEEEEECCCCCCEEEEEEEEEEEEECCCCCEEEEEEEEEEEC
8qyg	A	MADVKKQILDAYNFRHATKEFDPNKKVSDSDFEFILETGRLSPSSLGLEPWKFVVVQNPEFREKLREYTWGAQKQLPTASHFVLILARTAKDIKYNADYIKRHLKEVKQMPQDVSEGYISKTEEFQKNDLHLLESDRTLFDWASKQTYIALGNMMTAAAQIGVDSCPIEGFQYDHIHRILEEEGLLENGSFDISVMAAFGYRVRDPRPKTRSAVEDVVKWV	CHHHHHHHHHHHHHCCECCCECCCCCCCHHHHHHHHHHHHCCCCHHHCCCEEEEECCCHHHHHHHHCCCHHHCCHHHHCCEEEEEEEECHHHHCCCCHHHHHHHHHCCCCCHHHHHHHHHHHHHHHHHHCCCCCCHHHHHHHHHHHHHHHHHHHHHHHHHCCCEEEEECCCCHHHHHHHHHHCCCCCCCCEEEEEEEEEECECCCCCCCCCCCHHHHEEEC
8i0j	A	ADREITVDLARAGRPLDRFYNFSVGSGYPGTLIRTDSQAQLKTAVDELGFRYLRFHGIFHDVLQTVRLVDGKTVYDWRGIDRLYDDLLARRIRPFVELSFTPDALATSPQTIFYWKGNTSHPKPDGWRNLIDAFVRHLEARYGPAEVRRWYFEVWNEPNLSGFWEGADQKAYFELYDSTARTIKAIDPDLQVGGPATAGAAWVPEFLDYAAAHHTPVDFVTTHSYGVDGGFLDGNGKSDTKLSADPNAIIGDVKKVRAQISASPFPNLPLYFTEWSTSYTPRDAVHDSYISAPYILSRIKAVAGEVQGMSYWTYSDLFEEPGPPTAPFQGGFGLLNPEGIRKPAFFAYKYLNALDGRVIPTADAQVMATTDGSSTEVLLWDWQQPKQPVSNRPFYTKLVPSTQASPARVAFEHLWPGRYRVRAYRTGYRHNDAYSAYIDMGLPKTLDAAQLTRLQQLTRDLPVVDRMATIDGTGQFDIEMPMRSNDIVLVTLSPM	CCEEEEEEHHHCCCECCCHHHCEEECCCHHHHCCHHHHHHHHHHHHHHCCCEEEECCCCCHHHCCEEEECCEEEECCHHHHHHHHHHHHCCCEEEEEECCECHHHCCCCCEECCCCEECCCCCHHHHHHHHHHHHHHHHHHHCHHHHCCCEEEECCCCCCCCCCHHHCHHHHHHHHHHHHHHHHHHCCCCEEEEEEEHHHCCHHHHHHHHHHHCCCCCEEEEEEECEEEEEECCCCCEEEEECCCCCCCHHHHHHHHHHHHCCCCCCCCEEEEEEECCCCCCCHHHHCCCHHHHHHHHHHHHCCCCCEEEECCCECCCCCCCCCCCCCCCCCCCECCCCCECHHHHHHHHHHCCCCEECCCCCCCEEEEECCCCEEEEEECCCCCCCCCCHHHHHCCCCCCCEEEEEEEEEECCCCEEEEEEEEEEECCECCHHHHHHHCCCCCCCCHHHHHHHHHHCCCCCCEEEEEEECCCCCEEEEEEEECCCEEEEEEEEC
3zed	B	EDVLIPKRFRPAKDPLDSPQAAAQFLKDNKYRILRPRAIPTMVELETDAALPRLRQMVEDGKLKDTVSVPEGTTAFYPKYYPFHKPDHDEVGTFGAPDITLLKQLTFFLLENDFPTGPETLRQVREAIATLQYGSGSYSGQLNRLLAMKGVATGRNPNKTPKTVGYTNEQLAKLLEQTLPINTPKHEDPDLRWAPSWLINYTGDLSTDKSYLPHVTIKSSAGLPYIGKTKGDTTAEALVLADSFIRDLGRAATSADPEAGVKKTITDFWYLSCGLLFPKGERYTQVDWDKKTRNIWSAPYPTHLLLSMVSTPVMNESKLNITNTQTPSLYGFSPFHGGMDRIMTIIRDSLDNDEDLVMIYADNIYILQDNTWYSIDLEKGEANCTPQHMQAMMYYLLTRGWTNEDGSPRYNPTWATFAMNVAPSMVVDSSCLLMNLQLKTYGQGSGNAFTFLNNHLMSTIVVAEWVKAGKPNPMTKEFMDLEEKTGINFKIERELKNLRETIVEAVETAPQDGYLADGSDLPPIRPGKAVELDLLGWSAIYSRQMEMFVPVLENERLIASAAYPKGLENKALARKPGAEIAYQIVRYEAIRLVGGWNNPLLETAAKHMSLDKRKRLEVKGIDVTGFLDDWNNMSEFGGDLEGITLSEPLTNQTLVDINTPLDSFDPKARPQTPRSPKKTLDEVTTAITSGTYKDPKSAVWRLLDQRTKLRVSTLRDQALALKPASSSVDNWAEATEELAQQQQLLMKANNLLKSSLTETREALETI	CCCCCCCCCCCCCCCCCCHHHHHHHHHHCCCCECCCCCEEEEEEEEHHHHCHHHHHHHHCCCCCCEEEEEEEEEEECCCECCCCCCECCECCCCCCCCHHHHHHHHHHHHHCCCCCHHHHHHHHHHHHHHEEEECCCHHHHHHHHHHHHHHHHCCCCCCCHHHHCCCHHHHHHHHHHHCCCCCCCCCCCCECCCHHHHEECCCCCCCCEECCCCCCCCCECCCCCCCCECHHHHHHHHHHHHHHHHHHHHHHCCCCHHHHHHHHHHHCHHHHEEEEEECCEEEEHHHCCCCCCEEEECCHHHHHHHHHHHHHHHCCCCCCCCCCCCCECCCCCCCCCHHHHHHHHHHHHHHCCCCEEEEECCEEEEEECCEEEEEEECCHHHHCCHHHHHHHHHHHHHHHCECCCCCECECHHHHHHHHHHHHHHHECCEEEEECEEEECCCECCCCCCHHHHHHHHHHHHHHHHHHCCCCCCCCHHHHCHHHHHCCCEEEEEEECCHHHHHHHHHHCCCCCCCCCCCCCCCCCCCCCCEEEEECCEEEEEECCCCEEEEEECHHHHHHHHHCCCCCCCHHHHHCCCHHHHHHHHHHHHHHHHCHHHCHHHHHHHHHHHHHHHHHHHHHCCCCHHHHHCHHHHCCCCCCCCCCCCCCCCCHHHHHHHCCCCCCCCHHHCCCCCCCCCCCHHHHHHHHHCCCCCCCCCHHHHHHHHHCCECHHHHHHHHHHHHHHHHCCCCHHHHHHHHHHHHHHHCCCHHHECCHHHHHHHHHCCC
2y0o	A	GITKEEVNSYYQKAGIVLTDEEVDQIQLDYGLGKERKVGLQLFVYVNTDRYCSKELVLFPGQTCPEHRHPPVDGQEGKQETFRCRYGKVYLYVEGEKTPLPKVLPPQEDREHYTVWHEIELEPGGQYTIPPNTKHWFQAGEEGAVVTESSTSTDKHDIFTDPRILEHHH	CCCHHHHHHHHHHCCCCCCHHHHCCCEECCCCCCCCCECEEEEEEEECCCEEEEEEEECCCCEEEEEECCCCCCCCCCCEEEEEEEEEEEEEECCCCCCCCCCCCCHHHHHHCCCCEEEEECCCCEEEECCCCCEEEEEEEEEEEEEEEECCCHHHCEECCCCCCHHHC
4rxx	A	DKILEGLVSSSHPLPLKRVIVRKVVESAEHWLDEAQCEAFDLTTRLILEGQDPFQRQVGHQVLEAYARYHRPEFESFFNKTFVLGLLHQGYHSLDRKDVAILDYIHNGLKLISCPSVLDLFSLLQVEVLRVCERPEPQLCARLSDLLTDFVQCIPKGKLSITFCQQLVRTIGHFQCVSTQERELREYVSQVTKVSNLLQNIWKAEPATLLPSLQEVFASISSTDASFEPSVALASLVQHIPLQITVLIRSLTTDPNVKDASTQALCRIDWLSWPLAQHVDTWVIALLKGLAAVQKFTILIDVTLLKIELVFNRLWFPLVRPGALAVLSHLLSFQHSPEAFHLIVPHVVNLVHSFKNDGLPSSTAFLVQLTELIHCYHYSGFPDLYEPILEAIKDFPKPSEEKIKLILNQSAWTSHH	HHHHHHHHCCCCCHHHHHHHHHHHHHHCCCCCCHHHHHHHHHHHHHHHHCCCHHHHHHHHHHHHHHHHHCHHHHHHHCCHHHHHHHHHHCECCECCCCHHHHHHHHHHHHHHCCCCHHHHHHHHHHHHHHHHCCCCHHHHHHHHHHHHHCHHHCCCCHHHHHHHHHHHHHHCCCCCCCCCHHHHHHHHHHHHHHHHHHHHHHHHCHHHHHHHHHHHHHHHCCCCCCCCCCHHHHHHCCCCCHHHHHHHHHHHHCCCCCHHHHHHHHHHHHHHCCCCCCHHHHHHHHHHHHHHCCCHHHHHHHHHHHHHHHHHHHHCCCCHHHHHHHHHHHHHCCCCCHHHHHHHHHHHHHHHHHCCCCCHHHHHHHHHHHHHHHHHHCCCCHHHHHHHHHHHCCCCCCCHHHHHHHCCCCCCCCCC
7cnp	A	PEARSILAGAAEGKVIATTEALSFWGGVDPATGKVIDVHHPLHGICLTGGVLFMPTSRGSCTGSGVLLDLILTGRAPSALVFCEAEDVLTLGALVAAEMFDKALPVIRLDTETFARFSRAAHVRIDQNTIKADGVSLAVAPPATAHLDLTDDDRAMLEGRDGIAVRQAMRIIVAMAAQQGASALVDVTQGHIDGCIYASPANLTFAEKMADMGGKVRVPSTMNAISVDKANWRAQGVPEDFGDPAARLADAYVRMGCRPTFTCSPYLLDSAPSAGESIGWAESNAVIFANTVLGARTAKHPDFLDLCIAMTGRAPLSGVYLEENRRPQRIVDVALPAGIDDAFWPLVGYLAGKAVPDCIPLLRGLGAAKPSRDDLKALCAAFGTTSASPMLHIEGATPEAGLAPLETAETVTISLEDMAAGWSLLNEGPEEVQLVAIGSPHASLEECRALAAVFNGRKRHADVAVIVTAGQQVIDAAGKDGTLQSLKDSGVQVLPDLCWCSISEPVFPTKTRALMTNSGKYAHYGPGLSGRAVRFGSLADCVESALTGRAVSRLPVWLS	CCEEEEECCCEEEEEEECCCCECHHHHECCCCCEECCCCCCCCCCECCCCEEECCCECCCCCHHHHHHHHHHHCCCCCEEEECCCCCHHHHHHHHHHHHCCCCCCEEEECHHHHHHHCCCCEEEECCCEEEECCEEEEEECCCCCCCECCHHHHHHHHCCCCHHHHHHHHHHHHHHHHHCCCEEEECCCEEECCCCCCCHHHHHHHHHHHHCCCCCCCCEEECCCCCCCCCCCCCCCCHHHHHHHHHHHHHHHHCCCECCCCCCHHHCCCCCCCCCECEECCHHHHHHHHHHHCCECCCCCCCHHHHHHHHCEEECCHHHCHHHHCCCEEEEECCCCCCCCCHHHHHHHHHHHHCCCCCEEEECCHHHCCCHHHHHHHHHHHHHHCCCCCCEECCCCCCCCCCCCCCCEEEEECHHHHHHHHHHCCCCCCECCEEEECCCCCCHHHHHHHHHHHCCCCCCCCCEEEEEECHHHHHHHHHCCHHHHHHHCCCEEEECCCCCCCCCCCCCCCCCEEEECCHHHHHHHHHHHCCEEEECCHHHHHHHHHHCECCCCCCHHHC
9pfd	B	GPAGVRLPRSPPLKVLAEQLRRDAEGGPGAWRLSRAAAGRGPLDLAAVWMQGRVVMADRGEARLRDPSGDFSVRGLERVPRGRPCLVPGKYVMVMGVVQACSPEPCLQAVKMTDLSDNPIHESMWELEVEDLHRNIP	CHHHCECCCCCCEECCHHHHHHHEECCCCCCEEEEHHHCEEEEECCCEEEEEEEEEEECCEEEEEECCEEEEEECHHHCCCCCCCCCCCCEEEEEEEEEECCCCCEEEEEEEEECCCCCHHHHHHHHHHHHHHHCCC
9in7	A	DNIIMTAYISIFVQIITAIISVYGLFIPLNFKDIILREILILELIVQIIEFIFYIWLIITLQSINEDITYVRYFDWVLTTPVMLLTTVYFFEYMNSDDGIRKKEINDRDYVYLFYICLSNFFMLLIGYLGETKQINKMLTLFGGSFFLFLTFYLLYVKYTKENWMNYIVFYFMFLVWFLYGFAFMFPFSIKNQMYNILDIVSKNIYSIFIFIVILNQSYKLLL	HHHHHHHHHHHHHHHHHHHHHHHHCCCCCCHHHHHHHHHHHHHHHHHHHHHHHHHHHHHHHHHCCCCCHHHHHHHHHHHHHHHHHHHHHHHHHHHCCCCCCHHHHHHHHHHHHHHHHHHHHHHHHHHHHHHCCCCCHHHHHHHHHHHHHHHHHHHHHHHCCCCHHHHHHHHHHHHHHHHHHHHHCCCHHHHHHHHHHHHHHHHHHHHHHHHHHHHHHHHHHHC
3e18	A	LKKYQLVIVGYGGMGSYHVTLASAADNLEVHGVFDILAEKREAAAQKGLKIYESYEAVLADEKVDAVLIATPNDSHKELAISALEAGKHVVCEKPVTMTSEDLLAIMDVAKRVNKHFMVHQNRRWDEDFLIIKEMFEQKTIGEMFHLESRVHGANGIPGDWRHLKAHGGGMVLDWGVHLLDQLLFLVDSNVKSVSANLSFALGDEVDDGFVTFITFENGITAQIEVGTTNFIKLPRWYVKGTEGTGIIHDWDLSGEIVKPTALAKTSEPTPIKAGQGLTKTMAPPSEEATNTLSLPAPAKLAPSFYNNFVDVLNNTSEPIVQNEEVYQVLKLIEAIFEAAETNRTVHS	CCCEEEEEECCCHHHHHHHHHHHCCCCEEEEEEECCCHHHHHHHHCCCCCECCCHHHHHHCCCCCEEEECCCHHHHHHHHHHHHHCCCEEEEECCCCCCHHHHHHHHHHHHHHCCCEEEECHHHHCHHHHHHHHHHHHCECECEEEEEEEEECCCCCCCCHHHCHHHCCCHHHHHHHHHHHHHHHHCCCCEEEEEEEEECCCCCCCCCEEEEEEEECCCCEEEEEEECCCCCCCCCEEEEECCEEEEECCCCCCEEEEEECCCCCCCCCCCEEECCEEECCCCCCCHHHEEEECCCCCCCCCCCHHHHHHHHHCCCCCCCCCHHHHHHHHHHHHHHHHHHHHCCCEEC
4nrh	B	MSHLNYLLEKIAASSKEDFPFPDDLESYLEGYVPDKNIALDTYQKIFKISSEDLEKVYKEGYHAYLDKDYAKSITVFRWLVFFNPFVSKFWFSLGASLHMSEQYSQALHAYGVTAVLRDKDPYPHYYAYICYTLTNEHEEAEKALEMAWVRAQHKPLYNELKEEILDIRK	CCHHHHHHHHHHHCCCCCCCCCCCHHHHHCCCCCCCCCCCCCHHHHCCCCHHHHHHHHHHHHHHHHCCCHHHHHHHHHHHHHHCCCCHHHHHHHHHHHHHCCCHHHHHHHHHHHHHHCCCCCHHHHHHHHHHHHCCCHHHHHHHHHHHHHHHCCCHHHHHHHHHHHHHCC
4hj1	A	DPGCSELIQASSRITTCSTEGVNTKCRLSGTALIRAGSVGAEACLMLKGVKEDQTKFLKIKTVSSELSCREGQSYWTGSFSPKCLSSRRCHLVGECHVNRCLSWRDNETSAEFSFVGESTTMRENKCFEQCGGWGCGCFNVNPSCLFVHTYLQSVRKEALRVFNCIDWVHKLTLEITDFDGSVSTIDLGASSSRFTNWGSVSLSLDAEGISGSNSFSFIESPGKGYAIVDEPFSEIPRQGFLGEIRCNSESSVLSAHESCLRAPNLISYKPMIDQLECTTNLIDPFVVFERGSLPQTRNDKTFAASKGNRGVQAFSKGSVQADLTLMFDNFEVDFVGAAVSCDAAFLNLTGCYSCNAGARVCLSITSTGTGSLSAHNKDGSLHIVLPSENGTKDQCQILHFTVPEVEEEFMYSCDGDERPLLVKGTLIAID	CECEEEEEECCHHHEEEEECCCCEEEEEEEEEEEECCCECCEEEEEEECCCCCCEEEEEEEEEEEEEEEEEEEEEEECCEEEEEEEEEECCCCCCCCCCCCCCCCCCCCCHHHHHHCCCCECEEEEEEEECCCHHHCCCCCCCEEEEEEEEEEECCCCCEEEEEEEEEEEEEEEEEECCCCCEEEEEECCCCEEEECCEEEEEEEECCCCCCHHHCEEEEECCCEEEEECCCCCCCCCCCCCCCEEECCHHHHHCCECCCEECCCCEEEEEECCEEEEEECCCCHHHHHHHCECCEEECCEEEEECCCCCCEEEEECCCCCEEEEEEEEEEEEECCCCCCCCEEEEEEEEEECCCCCCEEEEEEEEECCCEEEEEEECCCCCEEEEEECEEEEEEEEEECCCCCEEEEEEEEECCCCCEEEEEEEECECCC
5o45	A	NAFTVTVPKDLYVVEYGSNMTIECKFPVEKQLDLAALIVYWEMEDKNIIQFVHGEEDLKVQHSSYRQRARLLKDQLSLGNAALQITDVKLQDAGVYRCMISYGGADYKRITVKVNAPYAAALEHHHHHH	CCCCCECCCCEEEEECCCCEEEEEECCCCCCCCHHHCEEEEEECCEEEEEEECCEECCCCCCHHHCCCEEECHHHHHHCEEEEEECCCCHHHCEEEEEEEEECEEEEEEEEEEEECCCCCCCCCCCCCC
3cu2	A	SKLSLIQQLKQQKLSVGILSANWLQLNEEVTTLLENQINVLHFDIADGQFSSLFTVGAIGIKYFPTHCFKDVHLVRNQLEVAKAVVANGANLVTLQLEQYHDFALTIEWLAKQKTTYANQVYPVLIGACLCPETPISELEPYLDQIDVIQLLTLDPRNGTKYPSELILDRVIQVEKRLGNRRVEKLINIDGSTLELAKYFKQGTHQIDWLVSGSALFSGELKTNLKVWKSSI	CHHHHHHHHCCCCEEEEHHHCCHHHHHHHHHHHHHCCCCEEEEEEEECCCCCCECECCHHHHCCCCCCEEEEEECCCHHHHHHHHHHCCCCEEEEECCCCCCHHHHHHHHCCCEEEECCEEEECEEEEEECCCCCHHHHCCCCCCCCEEEEECEECCCCEECCHHHHHHHHHHHHHHHHHHHHHCEEEEECCCHHHHHHHHHCCCCCCCEEECHHHHCCCHHHHHHHHHHHC
8f60	C	CDVQLYIKRQSEHHILAGDPFELECPVKYCANRPHVTWCKLNGTTCVKLEDRQTSWKEEKNISFFILHFEPVLPNDNGSYRCSANFQSNLIESHSTTLYVTDVKSA	CCCEECCCCCEEEEEECCCCEEEEEEEECCCCCCCCEEEEEECCEEEECCCCCEEEEEECCEEEEEEEECCCCHHHCEEEEEEEEECCEEEECCCEEEEEECECCC
3lho	A	GHTDVNALFAALWQDYIKTPSAAKIHQLLGHGAPIINDHIALRTFNIAKVNLSVLAKHFTSIGYVDSGDYKFEQKKLIAKHFEHPDPKQPKVFISELLVEEFSPEVQKSIHGLIDQVDIAATTADNFIYSGRHWDVDKATYQALLAESEYAAWVAALGYRANHFTVSINDLPEFERIEDVNQALKQAGFVLNSSGGEVKGSPEVLLEQSSTADKVVVNFTDGDVEIPSCFYEFARRYPANGQLYTGFVAA	CCCCHHHHHHHHHHHHHHCHHHHHHHHHHHCCCCCCEEEEEEEEECCHHHCHHHHHHHHHCCCCEEEEEEEECCCCEEEEEEECCCCCCCEEEEEEECHHHCCHHHHHHHHHHHCCCCHHHHHCCCHHHCECCCCCCHHHHHHHHHHCHHHHHHHHHCECCCEEEEECCCCCCCCCHHHHHHHHHHCCCCECCCCCCCEEEHHHCEEEEEECCEEEEEECCEEEEEECCCCEEEEECECCCCECCCCCCC
6fc1	B	GPHMTDPITNYKPMDLQYKTYAYSMNELYHLKPSLASASYEEDPLISELVRSLPKRKFWRLRMG	CCCCCCHHHHCCCCCCCCCCCCCCHHHHHHCCCCCHHHCCCCCHHHHHHHHCCCCHHHHCCCCC
8dmt	A	SWPAVTGDSPHLTNFGRKLLKDCRQVQKPIGGYENLGNVIKLSAEFPLEFGVNSVKVYRQSPSRLARINEEVASAYPLIHERTLGLYLQYLEHKCRWGNAVEKPIYRNLSLCGFVQRLLVKRCASFFARNDKYLLVSGESGASGFEAVGTREEKAPLVLANVLSYDDIKLSALLSVSSRTEFVNEGERTNCGHVDLNTKTLERHGVIVGMIGARLSRRNLMEFQDIVIARQQNTRERGYGMALDEPATTRDEDYRRLWREFYATRDLIHGQAVIDNQRFGPSKNKMDVFDNLVMKRRYAISFDMLLLEAEARAKRVKKLAYIHVVGFGLGVWKAAEQQERIFMETFEQRMRTLGNRLNNVGLVHFSWFSITHCGGLSNGSLIEIPGHPKDGIRVLISKRNPARKLSDPEHAGMLLVVSYAWDGNALPGNEFWMKMLQSTGDSSTACSTLVAELHNPYINTKFCNGGNLHIASPEHGVLHIAEYAKRVI	CCCCCCCCCCCCCHHHHHHHHHHHHCCCCCCCCCHHHHHHHHHHCCCCCCCCCCCCHHHCCHHHHHHHHHHHHCCEEEEEHHHHHHHHHHHHHHHHHCCCCCHHHHCCCCHHHHHHHHHHCCECEEECCCCEEECCCCCEEECCCCCCCCCCCEECECCCCCCCHHHHHHHCCCEEEEEEECCCCCCCCCCCCCCCCCCCECCEEEEEEECCCCCCCCCCCCHHHHEECCCCCCHHHCCCCCCCCCCCCHHHHHHHHHHHHCCCCCCCCCCCCCCCCCEECCCCCCCEEEHHHHHHHHHHHHHHHHHHHHHHHHHCCCCEEEEECCCCCCCCCCCCCHHHHHHHHHHHHHHHHHHHHCCEEEEEECCCCCCEECCEECCCEEECCCCCCCEEEEEECCCCCCECCCCCCCCCCEEEEEEECCCCECCCHHHHHCCCCCCHHHHHHCCCCHHHHCCCCCCCCCCCHHHCEEEECCCEEEEHHHHHHHHC
3s8m	A	CTTTHPLGCERNVLEQIAATRARGVRNDGPKKVLVIGASSGYGLASRITAAFGFGADTLGVFFEKPGTASKAGTAGWYNSAAFDKHAKAAGLYSKSINGDAFSDAARAQVIELIKTEGGQVDLVVYSLASPVRKLPGSGEVKRSALKPIGQTYTATAIDTNKDTIIQASIEPASAQEIEDTITVGGQDWELWIDALEGAGVLADGARSVAFSYIGTEITWPIYWHGALGKAKVDLDRTAQRLNARLAKHGGGANVAVLKSVVTQASAAIPVPLYISVYKIKEKGLHEGTIEQLDRLFRERLYRQDGQPAEVDEQNRLRLDDWELRDDVQDACKALWPQVTTENLFELTDYAGYKHEFLKLFGFGRTDVDYDADVATDVAFDCIEL	CCCCCHHHHHHHHHHHHHHHHHCCCCCCCCCEEEEECCCCHHHHHHHHHHHHHHCCEEEEEECCCCCCCCCCCCHHHHHHHHHHHHHHHCCCCEEEEECCCCCHHHHHHHHHHHHHHCCCEEEEEECCCCCEEECCCCCCEEECCCCCCCCCEEEEEEECCCCEEEEEEECCCCHHHHHHHHHHCCHHHHHHHHHHHHCCCEEEEEEEEEEEECCCHHHHHHHCCHHHHHHHHHHHHHHHHHHHHHHCCCCEEEEEEECCCCCCCHHHCCHHHHHHHHHHHHCCCCCCHHHHHHHHHHHHHCCCCCCCCCCCCCCCEECCCCCCCHHHHHHHHHHHHHCCHHHHHHHCCHHHHHHHHHHHCCCCCCCCCCCCCCCCCCCCCEEEC
5ajs	A	TTEEELLRKLNEQRDILALMEVKMKEMKGSIRHLRLTEAKLREELREKDRLLAMAVIRKKHGM	CCHHHHHHHHHHHHHHHHHHHHHHHHHHHHHHHHHHHHHHHHHHHHHHHHHHHHHHHHHHHCC
5c6k	A	TGYLTQEEIALLLAALDGDNKKIAILCLSTGARWGEAARLKAENIIHNRVTFVKTKTNKPRTVPISEAVAKMIADNKRGFLFPDADYPRFRRTMKAIKPDLPMGQATHALRHSFATHFMINGGSIITLQRILGHTRIEQTMVYAHFAPEYLQDAISLNPLRGGTE	CCCCCHHHHHHHHHHCCHHHHHHHHHHHHHCCCHHHHHCCEHHHEECCEEEECCCCCCCCEEEECCHHHHHHHCCCCCCECCCCCCHHHHHHHHHHHCCCCCCCHHHCHHHHHHHHHHHHCCCCHHHHHHHHCCCCHHHHHHHHHHCCCCCCHHHHHCCCCCCCC
4dq6	A	MNYNFNEIVDRSNNFSSKWSEMEKKYGTNDLLPMWVADMDFKAAPCIIDSLKNRLEQEIYGYTTRPDSYNESIVNWLYRRHNWKIKSEWLIYSPGVIPAISLLINELTKANDKIMIQEPVYSPFNSVVKNNNRELIISPLQKLENGNYIMDYEDIENKIKDVKLFILCNPHNPVGRVWTKDELKKLGDICLKHNVKIISDEIHSDIILKKHKHIPMASISKEFEKNTITCMAPTKTFNIAGLQSSYVVLPDEKDYKLLDDAFTRIDIKRNNCFSLVATEASYNNGESWLESFLEYLESNIDFAIKYINENMPKLKVRKPEGTYLLWVDFSALGLSDEELESILVQKGKVALNQGNSFGIGGSGYQRINLACPRSMLEEALIRIKNAIN	CCCCCCCCCCCCCCCEHHHHCHHHHHCCCCCEECCCCCCCCCCCHHHHHHHHHHHCCCCCCCECCCHHHHHHHHHHHHHHHCCCCCHHHEEEECCHHHHHHHHHHHHCCCCCEEEECCCCCCHHHHHHHHCCCEEEECCCEECCCCCEECCHHHHHHHCCCEEEEEEECCECCCCECCCHHHHHHHHHHHHHCCCEEEEECCCCCCECCCCCCCCHHHCCHHHHHCEEEEECCHHHHCCHHHCCEEEECCCHHHHHHHHHHHHHCCCCCCCHHHHHHHHHHHHHCHHHHHHHHHHHHHHHHHHHHHHHHHCCCCEECCCCECCEEEEECHHHCCCHHHHHHHHHHHHCEECEEHHHHCCCCCCEEEEECCCCHHHHHHHHHHHHHHHC
3uce	A	DKTVYVVLGGTSGIGAELAKQLESEHTIVHVASRQTGLDISDEKSVYHYFETIGAFDHLIVTAGSYAPAGKVVDVEVTQAKYAFDTKFWGAVLAAKHGARYLKQGGSITLTSGMLSRKVVANTYVKAAINAAIEATTKVLAKELAPIRVNAISPGLTKTEAYKGMNADDRDAMYQRTQSHLPVGKVGEASDIAMAYLFAIQNSYMTGTVIDVDGGALLG	CCEEEEEECCCCHHHHHHHHHHCCCCEEEEEECHHHCCCCCCHHHHHHHHHHHCCEEEEEECCCCCCCCCCCCCCCHHHHHHHHHHHHHHHHHHHHHHHHHEEEEEEEEEECCHHHCCCCCCCHHHHHHHHHHHHHHHHHHHHHCCCEEEEEEECCECCHHHCCCCHHHHHHHHHHHHHHCCCCCCECHHHHHHHHHHHHHCCCCCCCEEEECCCHHHC
5wb4	A	ERLDIFGVPIDRVTIQAVDILNNFLQENRLHIVATPNAEIVAQKDKEYEILNNTDLNVPDGSGIVFASKVFKKPLPERVAGFDLLEFIKGISSKGVKIYLLGAAAQVAEQARANLEKLYPGVKIVGTHHGYFTEEEENKIIEEINNKGAEVLFVALGAPKQEKWIYKNKDKLKVKIAGVGGSFDVIAG	CEEEECCEEEECCCHHHHHHHHHHCCCCCCEEEECCCHHHHHCCCHHHHHHCCCCEECCCCCHHHHHHCCECCCCCCCCCHHHHHHHHHHHCCCCCEEEEEECCCCHHHHHHHHHHHHCCCCEEEEEECCCCCCCCHHHHHHHHHHCCCCEEEEECCCCHHHHHHHHCCCCCCCCEEECCCHHHHHCC
2vqg	A	LSPQYNWVACGILEGGLKAAGVLEEGQYNRELAEAIAAKGEGFWTTQFPQIGDWNEDQAAALADRAQTCGLVKADT	CCHHHCHHHHHHHHHHHHHCCCCCCCCEHHHHHHHHHHHHCCHHHHHCHHHHHHHHHHHHHHHHHHHHCCCCECCC
5bow	A	SSLPMARYYIIKYADQKALYTRDGQLLVGDPVADNCCAEKICTLPNRGLDRTKVPIFLGIQGGSRCLACVETEEGPSLQLEDVNIEELYKGGEEATRFTFFQSSSGSAFRLEAAAWPGWFLCGPAEPQQPVQLTKESEPSARTKFYFEQSW	CCCCCCEEEEEECHHHCEEEEECCEEEEECCHHHCCCCCCEEEEECCCCCCCCCEEEEEECCCCEEEEEECCCCCCEEEEECCCHHHHHCCCHHHHHHCEEEEEECCEEEEEECCCCCEEEECCCCCCCCCEEEECCCCCHHHCEEEEECC
4rd8	A	NPIKRALQGELLQNEPFIQLCTKIENYLDTEAVNEQLIELNEQLTRLKEKGLKPGEKGATKQLRTLIQEILTEAGFREGLQTIGNKPLAAADFFLVSSGFLKDSSLRASSHGELTHAIQWCLIILKRKKDSSFLENIPTSEICDRIYKKLGHQDSSNPNYPFTCWDVLIDKLGEIDSRSPEWLSDHIQNDEDQIFPVLREVIKNR	CHHHHHCCHHHHCCHHHHHHHHHHHHHHCHHHHHHHHHHHHHHHHHHHHCCCCCCCHHHHHHHHHHHHHHHHHCCCCCCEEEHHHCCCCHHHHHHHHCCCECHHHCCCCCCCCCHHHHHHHHHHHHHHHCHHHHCCCCHHHHHHHHHHHHHCHHHCCCCCCCCHHHHHHCCCCCCCCCCHHHHHHHHHHCCCCCCHHHHHHHHCC
5aoz	A	PVANADVVFDFQNYTAKAGDEVTVDVLVDSKNKPISADVKFKVDSPLTIEEIDKESLAFNTTVTNAILGANFKSLDDKGEPLVPKDGAAVFTLYVNVPANTPDGTYYVGFNGKNEVHKSNDGSQFTVASKNGAITVGT	CCCCCCEEEECCCEEECCCCEEEEEEEEECCCCCECEEEEEEECCCCEEEEECCEECCCCEECEECCCEEEEECECCCCCEECCCCCCCCEEEEEECCCCCCCEEEEEEEEEEEEEECCCCCCECCEEEECCEEEECC
5eo6	A	MQHPTSTDIQRVREFLLDLQARICAGLEQQEKAGGGTAEFIIDDWERPEGGGGRSRVLQNGTVIEKGGVMFSHINISKLPASATERHPQIAGAKAQALGVSLVIHPKNPNIPTSHANVRLFVAEREDQDPIWWFGGGFDLTPFYPDDQDVLNWHQAAYDLCKPFGDNVYAEHKKWCDDYFYLKHRDEQRGVGGLFFDDLNCWDFETCFKYIQAVGNGYLNAILPIFEKHREQPYTEAQREFQLYRRGRYVEYNLVYDRGTLFGLQTGGRIESILVSLPNLAAWSYRPEWDEDSPEKRLTDYYLKPRDWLGLE	CCCCCHHHHHHHHHHHHHHHHHHHHHHHHHHHHCCCCCCCEEEEEECCCCEEEEEEEEECCCCEEEEEEEEEEEEECCCCHHHHHHCHHHCCCEEEEEEEEEEEEECCCCCCEEEEEEEEEEEECCCCCCEEEEEEEEEEECCCCCHHHHHHHHHHHHHHHHHHCCCHHHHHHHHHHHHCEEHHHCEECCCEEEEEEEECCCCHHHHHHHHHHHHHHHHHHHHHHHHHHCCCCCCHHHHHHHHHHHHHHHHHHHHCCHHHHHHHHCCCCHHHHHHHCCCEEECCCCCCCCCCCHHHHHHHHHCCCCCCCCCC
5t3p	A	NSLLDDAKARLRKYDIGGKYSHLPYNKYSVLLPLVAKEGKLHLLFTVRSEKLRRAPGEVCFPGGKRDPTDMDDAATALREAQEEVGLRPHQVEVVCCLVPCLIDTDTLITPFVGLIDHNFQAQPNPAEVKDVFLVPLAYFLHPQVHDQHYVTRLGHRFINHIFEYTNPEDGVTYQIKGMTANLAVLVAFIILEKKPTFEVQFNLNDVLASSEELFLKVH	CCHHHHHHHHHHHHCCCCCCCCCCCEEEEEEEEEEEECCEEEEEEEEECCCECCCCCCEECCEEECCCCCCCHHHHHHHHHHHHHCCCHHHEEEEEECCCEECCCCEEEEEEEEEECCCCCCCCCCCCEEEEEEEEHHHHCCCCEEEEEEEECCCCEEEEEEEEEECCCCCCEEEEEHHHHHHHHHHHHHHHCCCCCCCCCCCCCCHHHHHHHHHHCCC
7lkn	A	ITGIARRLVQDGAVEEAVARSADQASAAKVPLPQWFAEKKLVTASQLAAANAVEFGSLLDVSAFDASQNAVKLVSEELLQKHQVLPLFKRGNRLFVGVSNPTQTRALDDIKFHTNLVVEPILVDEDQIRRTLEQWQASNAALGS	CCHHHHHHHHCCCCCHHHHHHHHHHHHHCCCHHHHHHHHCCCCHHHHHHHHHHHHCCEECHHHECHHHCCHHHCCHHHHHHCCCEEEEEECCEEEEEECCCCCCHHHHHHHHHHCCEEEEEECCHHHHHHHHHHHHHHHHHCCC
2wjn	C	ALLSFERKYRVRGGTLIGGDLFDFWVGPYFVGFFGVSAIFFIFLGVSLIGYAASQGPTWDPFAISINPPDLKYGLGAAPLLEGGFWQAITVCALGAFISWMLREVEISRKLGIGWHVPLAFCVPIFMFCVLQVFRPLLLGSWGHAFPYGILSHLDWVNNFGYQYLNWHYNPGHMSSVSFLFVNAMALGLHGGLILSVANPGDGDKVKTAEHENQYFRDVVGYSIGALSIHRLGLFLASNIFLTGAFGTIASGPFWTRGWPEWWGWWLDIPFWS	CECCCCHHHCECCCCCCCHHHHCCEECCEECHHHHHHHHHHHHHHHHHHHHHHHCCCCCCCCCCCECCCCHHHCCCCCCHHHHHHHHHHHHHHHHHHHHHHHHHHHHHHHCCCCCHHHHHHHHHHHHHHHHHHHHHHHHCCHHHCCCECCCHHHHHHHHHHHCCCCHHHCHHHHHHHHHHHHHHHHHHHHHHHHHHHHCCCCCCCCCCHHHHHHHHHHHHCCCCCCCHHHHHHHHHHHHHHHHHHHHHHHECCCECCCHHHHCHHHHCCHHHC
4w7l	A	ATSLNTIDIQGDILVGMHKQKQLFYFFAINDPATFKTHLASDIAPVVASVTQLSNVATQPLVALNIAFSNTGLLALGVTDNLGDSLFANGQAKDATSFKESTSSWVPQFAGTGIHGVIILASDTTDLIDQQVASIESTFGSSISKLYSLSASIRPGNEAGHEMFGFLNGIAQPAINGFNTPLPGQNIVDAGVIITGATNDPITRPSWAVGGSFLAFRQLEQLVPEFNKYLLDNAPAGSGSLQARADLLGARMVGRWKSGAPIDLTPTADDPALGADAQRNNNFTYSHAGFDLGSDQSHCPFSAHIRKTRPRADLGGSLTPPNLSAGANSIMRSGIPYGPEVTSAESASNTTTQERGLAFVAYQAQLSQGFHFLQQTWADNANFPPGKTPATVGLDPIIGQNNGQPRVVNGLLPSNSSASLSIPQFVVSHGGEYFFSPPISAIGGRLSA	CCCCCHHHCEHHHHCCCCCCEEEEEEEEECCHHHHHHHHHHHHHHHECEHHHHCCCCCCCCEEEEEEECHHHHHHCCCCCCCCCHHHHHCHHHHHHHHCCCHHHCCHHHCCCCCCEEEEEEECCHHHHHHHHHHHHHHHHHHEEEEEEEEEECCCHHHCCECCCCCECCCCCCEECCCCCCCCCCCEECHHHCCCCCCCCCCCCCHHHCCCEEEEEEEEEECHHHHHHHHHHCCCCCCCCHHHHHHHHHHHHHCECCCCCECCCCCCCCCHHHHHCCCCCCCCCCCCCCCCCCCCCCCCCCCCHHHHHCCHHHHCCCCCCCCCCCHHHCCEECCEEECCCCCHHHHHHCCCCCCCEEEEEEEECCCCCCHHHHHHHHHCCCCCCCCCCCCCCECCCCCCCCCCCCEEEECCCCCCCCCEEEECCCEEEEEEEEEEECCHHHHHCHHHC
5akf	A	ENVSGISAYLLGLIIGDGGLYKLKYKGNRSEYRVVITAKSENLIKQHIAPLMQFLIDELNVKSKIQIVKGDTRYELRVSSKKLYYYFANMLERIRLFNMREQIAFIKGLYVAEGDMTLKRLRIWNKNKALLEIVSRWLNNLGVRNTIHLDDHRHGVYVLNISLRDRIKFVHTILSSHLN	CHHHHHHHHHHHHHHHHEEEEEEECCCCCEEEEEEEEECCHHHHHHHHHHHHHHHHHHCCCCCCEEEEECCCCEEEEEECHHHHHHHHHHHHCHHHCCHHHHHHHHHHHHHHHECCCCCCCEEEECCHHHHHHHHHHHHHCCCCEEEEEEECCCCEEEEEECHHHHHHHHHHHHCCCCC
3gmf	A	LADGHHLLGNPAAKLRLVEFVSYTCPHCSHFEIESEGQLKIGMVQPGKGAIEVRNFVRDPIDMTVALITNCVPPSRFFTLHTAFMRSQAQWIGPLANSTEAQRQRWFNGTFATRTRAIASDFRFYDFMAARGMDRSTLDRCLSNEALAKKLAAETDEAINQYNVSGTPSFMIDGILLAGTHDWASLRPQILARLNE	CCCCEEEECCCCCCEEEEEEECCCCHHHHHHHHHHHHHHHHHHHCCCCEEEEEEECCCCHHHHHHHHHHHHCCHHHHHHHHHHHHHCHHHHCHHHHHCCHHHHHCCCCCCHHHHHHHHHHHCCHHHHHHCCCCCHHHHHHHHCCHHHHHHHHHHHHHHHHHHCCCCCCEEEECCEECCCCCCHHHHHHHHHHHHCC
3ckm	A	SQIGLLLPLSGDGQILGTTIQSGFNDAKGNSTIPVQVFDTSNSVQDIIAQAKQAGIKTLVGPLLKQNLDVILADPAQIQGDVLALNATPNSRAIPQLCYYGLSPEDEAESAANKWNDGVRNPLVAPQNDLGQRVGNAFNVRWQQLAGTDANIRYYNLPADVTYFVQENNSNTTALYAVASPTELAEKGYLTNIVPNLAIYASSRASASATNTNTDFIAQNGVQFSDIPFFKDTNSPQYQKLAKSTGGEYQLRLYAGADAWLLINQFNELRQVPGYRLSGLTGILSADTNCNVERDTWYQYQDGAIVPVV	CCEEEEECCCCCCHHHHHHHHHHHHHHHCCCCCCEEEEECCCCHHHHHHHHHHCCCCEEECCCCHHHHHHHHHCHHHHCCEEEECCCCCCCCCCCCEEECCCCHHHHHHHHHHHHHCCCCCCEEEECCHHHHHHHHHHHHHHHHHHCCCCEEEEECCCCHHHHHHHHCCCCCCEEEECCCHHHHHHHHHHCCCCCCCEEEECHHHCCHHHHCCHHHHHHCCCEEEECHHHHCCCCHHHHHHHHHCCCCHHHHHHHHHHHHHHHHCHHHHHHCCCCCEEECCEEEEECCCCEEEEEEEEEEECCEEEECC
4iul	B	FRKVRGILNKLTPEKFDKLCLELLNVGVESKLILKGVILLIVDKALEEPKYSSLYAQLCLRLAEDAPNFDGPAAEGQPGQKQSTTFRRLLISKLQDEFENRTRNVDVYDKRENPLLPEEEEQRAIAKIKMLGNIKFIGELGKLDLIHESILHKCIKTLLEKKKRVQLKDMGEDLECLCQIMRTVGPRLDHERAKSLMDQYFARMCSLMLSKELPARIRFLLQDTVELREHHWVP	CCCHHHHHHHCCCCCHHHHHHHHHHHCCCCHHHHHHHHHHHHHHHHHCHHHHHHHHHHHHHHHHCCCCCCCCCCCCCCCCCCCCHHHHHHHHHHHHHHHHHHHHHHHHHCCCCCCCHHHHHHHHHHHHHHHHHHHHHHHHHHCCCCCHHHHHHHHHHHHCCCCCCCHHHCHHHHHHHHHHHHHHHHHHCCHHHHHHHHHHHHHHHHHHHCCCCCHHHHHHHHHHHHHHHCCCCC
3dby	A	NYEESALFEHQFWLKVLTDHAQFLLDALAPKEKEDIKKATYFVETFTNLLNKVRNVNLMAFSKEAEQAAKEIRAFKLNIIQKQLEGKITIHFTPTFINHMVNEVEEYIAVLEFLKKGEVPPVFHELHYHLVWLTDAAGHAGSISGGLDLVEKRLKEKSEEFTKHFEQFYLKAVEMTGYLRTELHHFPALKKFTKDVSLELKLFSHFLHEVEELELSNEVLSVLSARMADHMAREECYYLLKLAQSSGLEMPKCNPLE	CHHHHHHHHHHHHHHHHHHHHHHHHHHECCCCHHHHHHHHHHHHHHHHHHHCCCCCCHHHHHHHHHHHHHHHHHHHHHHHHHHHCCCCCECCCHHHHHHHHHHHHHHHHHHHHHCCCCCCCCCCHHHHHHHHHHHHHHHHHHHHHHECCCCHHHHHHHHHHHHHHHHHHHHHHHHHHHHHHCCCCCHHHHHHHHHHHHHHHHHHHHHHHHHHHHHHCCCCECCCHHHHHHHHHHHHHHHHHHHHHHCCCCCCCCCCC
6elm	A	SMAEDTGVRVELAEEDHGRKSTIALRLWVEDPKKLKGKPKDNGAIEFTFDLEKETPDEVAQEMIESGFFHESDVKIVAKSIRDRVALIQWRRERIWPA	CCCCCCCEEEEECCCCCCCCCEEEEEEEECCHHHCCCCCCCCCCEEEEEECCCCCHHHHHHHHHHCCCCCHHHHHHHHHHHHHHHHHHHHHHHHCCCC
5d1r	A	AREQIEAKIVELGRRQLLDHGAAGLSLRAIARNLGMVSSAVYRYVSSRDELLTLLLVDAYSDLADTVDRARDDTVADSWSDDVIAIARAVRGWAVTNPARWALLYGSPVPGYHAPPDRTAGVATRVVGAFFDAIAAGIATGDIRLTDDVAPQPMSSDFEKIRQEFGFPGDDRVVTKCFLLWAGVVGAISLEVFGQYGADMLTDPGVVFDAQTRLLVAVLAEHHHHHH	CHHHHHHHHHHHHHHHHHHHCCCCCCHHHHHHHCCCCHHHHCCCCCCHHHHHHHHHHHHHHHHHHHHHHHHHCCCCCCHHHHHHHHHHHHHHHHHHCHHHHHHHHCCCCCCCCCCHHHHCCHHHHHHHHHHHHHHHHHHCCCCCCCCCCCCCCHHHHHHHHHHHHCCCCCHHHHHHHHHHHHHHHHHHHHHHCCCCCCCCCCCHHHHHHHHHHHHHHHHCCCCECCC
2zrr	A	GDDRRKKAEVIITELLDDLEIDLGNESLRKVLGSYLKKLKNEGTSVPLVLSRMNIEISNAIKKDGVSLNENQSKKLKELMSIS	CCCHHHHHHHHHHHHHHHHCCCCCCHHHHHHHHHHHHHHHHCCCCHHHHHHHHHHHHHHHHCCCCCCCCHHHHHHHHHHHCCC
4oq2	A	HHHHHEFSKTDYILRALSKISHKRWEHYIINRVVHTLDDPDIEFVCQQCIRKEGHLGKIYLADLLFPQLNLYLEIDEAHHDSNDARKADAVRRLDIVEATGFQEERIPASNITLSEVNKLVDEFVRLVKDKKEELENQGLFFRWDYDERYSAKKHINTGYAVGPNSVFRYHRDALQCFGYRREGHHQSGGWALPAEVAQSIGLTGRVVWFPRLYEAGEWKNALSADGNKITEQSLNATRNYQETWDYRIVAHSRDELNRTLYRFLGVFAIDVDKSSDEVKVFSRVYSRVNVYR	CCCCCCCCHHHHHHHHHCCCCCCCCHHHHHHHHHHHHCCCCCCCEEEEEEECCCCCCCEEEEEEEECCCCEEEEEECCCCHHHHHHHHHHHHHCCEEECCCCEEEEEECCCCCHHHHHHHHHHHHHHHHHHHHHHHHCCCCCCCCHHHCCCCHHHHHHCEECCCCCEECCHHHHHHHHCCCCCCCCCCCEEECCHHHHHHCCCCCCEEECCCCCEECCEEEEECCCCCEEEEEECCHHHCCCCCCCEEEEEEEECCCCCEEEEEEEEEEECHHHCCCCEEEEEEEECEEECCC
7unz	B	KNIVCDFTDKLNFLPLEKTKILCELKPQYGEDIKIIANKEYEINCMNNSKVFCPLKDTFINNTNIKLYSPKLHFEIKDITHKGKNAALYYLKIDEEASDIFFSCSIKPKQVSGLLEGEVRVNLKKHINEEYSIFNEEEDVHVCDFSKGNLDITPSAGFYLKNSRNVSCIYRVIPNKLFLIKLPKLDIVTEKLLPSIVNCLSEFSFINFTLKHVQEGDNYISFNVIFGEFKKHFNLACSLDLSDFQQEPCNLGKTANITFIFSK	CCEEEECCCCCCEECCCCEEEEEEECCCCCCEEEEEEECCCEEECCCCEEEEECCCCEEEEEECHHHCCCCCEEEEEEEEECCEEEEEEEEECCCCCCCEEEEEEEECCCCCCCEEEEEEEEECCCCCEEECEEECCCCEEEEECCCHHHCCCCECCCCCHHHCEEEEEEECCCCEEEEEEECCCHHHHHHHHHHHHHHHHCCCCCCEEEEEEEECCCCEEEEEEECCCCCCEEEEEEEECCCCEECCCEECCEEEEEEEECC
3p4h	A	MPRFVVQEHHARRLHWDLRLEMDNVLKSWALPKGVPEKRGVKRLAIETEDHDLSYIDFEGRIPEGMYGAGEVKIWDSGEYELLERTENKIKFLAKGRKMNGEYVLIKTKVGWLLMKA	CCEEEEEEEECCCEEEEEEEEECCEEEEEEECCCCCCCCCCEEEEEEEEEECHHHCCCCEEECCCCCCCEEEEEEEEEEEEEEEEECCEEEEEEECCCCEEEEEEEEECCEEEEEEC
3gr5	A	MSSLEKRLGKNEYFIITKSSPVRAILNDFAANYSIPVFISSSVNDDFSGEIKNEKPVKVLEKLSKLYHLTWYYDENILYIYKTNEISRSIITPTYLDIDSLLKYLSDTISVNKNSCNVRKITTFNSIEVRGVPECIKYITSLSESLDKEAQSK	CCHHHHHHCCCCEEEEEEEEEHHHHHHHHHHHCCCCEEECCCCCCEEEEEEEEECHHHHHHHHHHHHCEEEEECCCCEEEEEHHHCEEEEECCCCCCHHHHHHHHCCCCCCEECCEEEEECCCCCCEEEEECHHHHHHHHHHHHHHHHHHHHC
4ktw	A	MKKILAINFSTASKKGEGTGYAFRKDGQVYVGSIKAYNPKKTAWERTFDIVNAIKDIIDEFDLKGYHLAIETPIMGRNRKHSITLANCNGYFIGAIDGLVNGYTFIDNSKWCSYHLISGKREQRKEESLELLKATGLVDSNCKDDNIADAYNILTYCEHL	CCCEEEEECCCCCCCCCCEEEEEEECCEEEEEEECCCCCCCCHHHHHHHHHHHHHHHHHHCCCCCCEEEEECCCCCCCHHHHHHHHHHHHHHHHHHECCECCEEEECHHHHHHHCCCCCCHHHHHHHHHHHHHHCCCCCCCCCCHHHHHHHHHHHHHHHC
5mzw	B	MKTARWCSLEEAVASIPDGASLATGGFMLGRAPMALVMELIAQGKRDLGLISLPNPLPAEFLVAGGCLARLEIAFGALSLQGRVRPMPCLKRAMEQGTLAWREHDGYRVVQRLRAASMGLPFIPAPDADVSGLARTEPPPTVEDPFTGLRVAVEPAFYPDVALLHARAADERGNLYMEDPTTDLLVAGAAARVIATVEERVAKLPRATLPGFQVDRIVLAPGGALPTGCAGLYPHDDEMLARYLSLAETGREAEFLETLLTRR	CCCCEECCHHHHHHCCCCCCEEEECCECCECCCHHHHHHHHHCCCCCEEEECCCCHHHHHHHHHCCCEEEEEECCCEEEECCEEEECHHHHHHHHHCCCEEEECCHHHHHHHHHHHHCCCCEEECCCCCCCHHHHHCCCCEEECCCCCCEEEEEECCCCCEEEEEEEEEECCCCEECCCCCCHHHHHHHCCEEEEEEEEEECCCCCCCECHHHCCEEEECCCCCCCCEECCCECCCHHHHHHHHHHHCCCCHHHHHHHHHHHC
8rpj	B	DNKVKVAELVAEALENLGIQHAFGIIGAGNVHLFEAIARRGYTEIVCVHHEQAACMAVQTYYRTNGRIAAALLTTGAGSTNGVTGVVSAWADSIPCIVIAGNENSKFTFPENPLRMWGVQGYDSCQMVERVSKYQMRVTKMERAVYELEKGVHLALEGRPGPTWIEIPMDIQSGRIDPATLEHYVAPPAPDYLTPAVAAQVDSVLAALAKAERPVLWLGNGIRLAGGERLLKPLLEKLGSPALVSWAGIDMLDSSHPLVFGRAGVYGQRAANFILQNSDYVLAIGTRLAIPQIGYDLNELARLARIDVVDIDGDEAIKHAKRTQENIVCDARVFIEALLARLNAADAPAIASKADWVAKCRAYEEQFPWVGAEHADPEGFINSYRFMERLNGFFKDDQVVVTDMGTALLSGHQVLRFKEGQRFMTSTGLGEMGYGLPAALGVSFANDRGEVMCLNCDGGMMMNLQELQTMVHHNLPIKLFIFNNDGYLMIKHTQKSLFKSDYVGTDRKSGVSCPDFSRLAAAFDIPAYQIRGWDECDATLAKVQAHTGPVICEVFMHPQQLFSPKLGVVSRADGTLVSPPLEDLSPLIPRDVLEQAMIGGMHEKSKTL	CCCEEHHHHHHHHHHHCCCCEEEECCCCCCHHHHHHHHHHCCCEEEECCCHHHHHHHHHHHHHHHCCCCEEEECCCHHHHCCHHHHHHHHHHCCCEEEEEEECCCCCCCCCCCCCCECCCECCHHHHCCCCCCEEEECCCHHHHHHHHHHHHHHHHCCCCCEEEEEEEHHHHHCEECHHHCCCCCCCCCCCCCCHHHHHHHHHHHHHHHHCCCEEEEECCHHHHCCCHHHHHHHHHHHCCCEEECCCCHHHCCCCCCCECCCCCCCCCHHHHHHHHHCCEEEEECCCCCHHHHCCCHHHCCCCCEEEEEECCHHHHHCCCCCCCCEEECCHHHHHHHHHHHHCCCCCCCCCCCHHHHHHHHHHHHHCCCCCHHHCCHHHCECHHHHHHHHHCCCCCCCEEEECCHHHHHHHHHHCCCCCCCEEECCCCCCCCCCHHHHHHHHHHHCCCCCEEEEEECCHHHHCCCHHHHHHHCCCCEEEEEEECCCCHHHHHHHHHHHCCCCCCCCHHHCCCCCCHHHHHHHCCCCEEEECCHHHHHHHHHHHHHCCCCEEEEEEECCCCCCCCECCCEECCCCCEECCCCCCCECCCCHHHHHHHCCCCCCHHHHCC
4ate	A	LPSPTNGKKWEKVEQLSDEFNGNSIDTNKWYDYHPFWEGRAPSNFKKGNAFVSDGFLNLRSTLRKEPSSVQDPFKDIWVDAAAAVSKTKAQPGYYYEARFKASSLSMTSSFWFRVGQFSEIDVIEHIGNPSKENRQDDLPYQYHVNTHYYGKHAGLQPLGTEYKMPGRGRDNFYTYGFWWKSPNELLFYFNGKQVMRIVPRVPLDEELRMIFDTEVFPFATAGVANIGLPKPENLRDNSKNTMKVDWVRVYKLVD	CCCCCCCCEEEECHHHCECCCCCCCCCCCEECCCCCCCCCCCEEECCCCEEEECCEEEEECEECCCHHHCCCCCCCCCEEECEEEEEEEECCCCEEEEEEECCCCCCEEEEEEECCCCEEEEEEEEECCCCCHHHCCCHHHEEEEEEEECHHHCCCCCCCEEEECCCCHHHCCEEEEEEEEECCEEEEEECCEEEEEECCCCCCCCCEEEEEECCCCCCCECCECCCCCCCHHHHCCCCCCEEEEEEEEEEEEEC
4nlh	A	GPSSPAHVIFQNVAKSYLPNAHLECHYTLTPYIHPHPKDWVGIFKVGWSTARDYYTFLWSPMPEHYVEGSTVNCVLAFQGYYLPNDDGEFYQFCYVTHKGEIRGASTPFQFRASS	CCCCCCCEEEECCCCEECCCCCEEEEEEECCCCCCCCCCEEEEEECCCCCHHHEEEEEECCCCCCCCCCCCEEEEEEECHHHCCCCCCCCEEEEEECCCCCEEEECCCEEECCCC
6hq9	A	MKDIWHPGERCLAPSPDNGKLCEASIKSITVDENGKSFAVVLYADFQERKIPLKQLQEVK	CCCCCCCCCEEEEECCCCCCEEEEEEEEEEEECCCCEEEEEECCCCCEEEEEHHHCECCC
9gv9	A	ETLVPLTKRVNVQADTARLDQIIDGCWVAVGTNKKHAIQRDFTRLFAGKPSYRFELRKEDNTLEGYGKGETKGRAEFSYCYATSADFKGLPADAYRKAQITKTVYHHGKGICPQGVSRDYEFSVYIPSALDSNVSTIFAQWHGMPDRTLVQTPEGEVKKLTVDEFLELDKTTIFKKNTGHEKVAKLDKQGNPLKDKKGNPVYKAGKKNGWLVEQGGYPPLAFGFSGGWFYIKANSDRRWLTDKTDRCNASPEKTPVMKPVTSKYKSSTIAYKMPFADFPKDCWVTFRVHIDWTTYGKEAENIVKPGKLDVQMEYTDKKKTVKEHIVNNEVIQIGRNDDDGYYFKFGIYRVGNSTVPVCYNLAGYKEE	CCEEECCCCCCCCCCCCCHHHCECCCEEEEECCCHHHEEEEEEEEECCEEEEEEEECHHHCCEECCCCCCEEEEEEEECCECCHHHHCCCCCHHHHHHHHHCCHHHHCECCECCCCCEEEEEEEECCCCCCCCCCEEEEEEECCCCCCEEECCCCCEEECCHHHHHHHCCCEEEECCEEEEEEECECCCCCECECCCCCECEEEEEEEEEEECCCCCCCEEEEEECCEEEEEEEEECCCCCCCCCCCCCCCCCCCCCCCEECCCEEEEEEEEEEHHHCCCCCEEEEEEEEECCEECHHHCCEEECEEEEEEEEEECCCCEEEEEEEEEEEECCEECCCCCEEEEEEEEECCCCCCCEEEEEEEEEEC
3a4c	A	RCPEQELRLQRLERLPELARVLRNVFVSERKPALTMEVVCARMVDSCQTALSPGEMEKHLVLLAELLPDWLSLHRIRTDTYVKLDKAVDLAGLTARLAHHVHAEGL	CCHHHHHHHHHHHHHHHHHHHHHHHHHCCCCCEEEHHHHHHHHHHCCCCCCCHHHHHHHHHHHHHHCCCCEEEEEECCEEEEEECCCCCHHHHHHHHHHHHHHHCC
3a6r	A	MLPGTFFEVLKNQGVVAIATQGEDGPHLVNTWNSYLKVLDGNRIVVPVGGMHKTEANVARDERVLMTLGSRKVAGRNGPGTGFLIRGSAAFRTDGPEFEAIARFKWARAALVITVVSAEQTL	CCCHHHHHHCCCCCEEEEEEECCCCEEEEEEEHHHCEEECCCEEEEEECCCHHHHHHHHHCCEEEEEEEEEEEECCCCEEEEEEEEEEEEEECCCHHHHCCCCCCCCCEEEEEEEEEEEECC
6p0c	A	SNDPSGYNPAKNNYHPVEDACWKPGQKVPYLAVARTFEKIEEVSARLRMVETLSNLLRSVVALSPPDLLPVLYLSLNHLGPPQQGLELGVGDGVLLKAVAQATGRQLESVRAEAAEKGDVGLVAENSRSTQRLMLPPPPLTASGVFSKFRDIARLTGSASTAKKIDIIKGLFVACRHSEARFIARSLSGRLRLGLAEQSVLAALSQAVSLTPPGQEFPPAMVDAGKGKTAEARKTWLEEQGMILKQTFCEVPDLDRIIPVLLEHGLERLPEHCKLSPGIPLKPMLAHPTRGISEVLKRFEEAAFTCEYKYDGQRAQIHALEGGEVKIFSRNQEDNTGKYPDIISRIPKIKLPSVTSFILDTEAVAWDREKKQIQPFQVLTTRKRKEVDASEIQVQVCLYAFDLIYLNGESLVREPLSRRRQLLRENFVETEGEFVFATSLDTKDIEQIAEFLEQSVKDSCEGLMVKTLDVDATYEIAKRSHNWLKLKKDYLDGVGDTLDLVVIGAYLGRGKRAGRYGGFLLASYDEDSEELQAICKLGTGFSDEELEEHHQSLKALVLPSPRPYVRIDGAVIPDHWLDPSAVWEVKCADLSLSPIYPAARGLVDSDKGISLRFPRFIRVREDKQPEQATTSAQVACLYRKQS	CCCHHHCCCCCCCCCCCCCCCCCCCCCCEHHHHHHHHHHHHCCCCHHHHHHHHHHHHHHHHHHCHHHHHHHHHHHHCCCCCHHHCCCCCCCHHHHHHHHHHHHCCCHHHHHHHHHHHCCHHHHHHCCCCCCCCCCCCCCCEHHHHHHHHHHHHHCCCCCHHHHHHHHHHHHHHHCCCCHHHHHHHHHHCCCCCCCCHHHHHHHHHHHHHHCCCCCCCCCCCCCCCCCCCHHHHHHHHHHHHHHHHHHHHHCCCHHHHHHHHHHHCCCCHHHHCCCCCCCCCCCCCEEECCCHHHHHHHHCCCCEEEEECCCCEEEEEEECCCCCEEEECCCCCECHHHCHHHHHHHHHHECCCCCCEEEEEEEEEEECCCCEECCHHHHCCCCCCCCCHHHCCCEEEEEEEEEEEECCEECCCCCHHHHHHHHHHHECCECCCEEECCEEECCCHHHHHHHHHHHHHCCCCCEEEEECCCCCCCCCCCCCCCEEEECHHHCCCCCCEEEEEEEEEEECCHHHCCCEEEEEEEEEECCCCEEEEEEEECCCCCHHHHHHHHHHHHHHEECCCCCCEECCCCCCCCEEECCCCEEEEECCEEEEECCCCCCCCCCCCCCEEEEECCEEEEECCCCCHHHCCEHHHHHHHHHHCC
3oul	A	ASIKQLTLYTAELDRLAFYTNLGAQHVHEQADAFTIQLGVSQIQFRAAADGTKPFYHIAINIAANHFQEGKAWLSGFGELLTENDEDQAYFPFFNAYSCYVEDPSGNIIELISRQQAAPVLDKPFSADQLLSIGEINITTSDVEQAATRLKQAELPVKLDQIEPAGLNFIGAQDLFLLLGPPGRRWLFSERVAVIYPLQELDNGVSLAITETGELVILE	CCEEEEEEEECCHHHHHHHHHHCHHHEEEECCEEEEEECCEEEEEEECCCCCCCCCEEEEEECCCCHHHHHHHHCCCCCCCCECCECCEEECCCCEEEEEEECCCCCEEEEEEECCCCCCCCCCCCHHHCCEEEEEEEECCCHHHHHHHHHHCCCCCCHHHCCCCCCEEEEECCEEEEEECCCCECCCCCCECCCCCEEEECCCCEEEECCCCCEEECC
2f1f	A	ARRILSVLLENESGALSRVIGLFSQRGYNIESLTVAPTDDPTLSRMTIQTVGDEKVLEQIEKQLHKLVDVLRVSELGQGAHVEREIMLVKIQASGYGRDEVKRNTEIFRGQIIDVTPSLYTVQLAGTSGKLDAFLASIRDVAKIVEVARSGVVGLSRGDKIMR	CEEEEEEEEECCCCHHHHHHHHHHCCCCCCCEEEEEECCCCCEEEEEEEEECCHHHHHHHHHHHHHCCCEEEEEEHHHCCEEEEEEEEEEEECCCHHHHHHHHHHHHCCCEEEEECCCEEEEEEEECHHHHHHHHHHHCCCCEEEEEEECCCEEEECCCCCCC
4xht	A	NLGQSLHQEGFSIPLLWLQNCLIRAADDREEDGCSQAVPLVPLTEENEEAMENEQFQQLLRKLGVRPPASGQETFWRIPAKLSPTQLRRAAASL	CCCHHHHHCCCHHHHHHHHHHHHHHHHHHCCCCCCCCEECCCCCHHHHHHHCCHHHHHHHHHHCCECCCCCCCCCCEECCCCCHHHHHHHHHCC
3l6d	A	SLSDESFEFDVSVIGLGAGTIAQVLLKQGKRVAIWNRSPGKAAALVAAGAHLCESVKAALSASPATIFVLLDNHATHEVLGPGVARALAHRTIVDYTTNAQDEGLALQGLVNQAGGHYVKGIVAYPRNVGHRESHSIHTGDREAFEQHRALLEGLAGHTVFLPWDEALAFATVLHAHAFAAVTFFEAVGAGDRFGLPVSKTARLLLETSRFFVADALEEAVRRLETQDFKGDQARLDVHADAFAHIAQSLHAQGVWTPVFDAVCQVVQRAAAGYGDQDIAATTKSFA	CCCCCCCCCCEEEECCCHHHHHHHHHHCCCCEEEECCCHHHHHHHHHHCCEECCCHHHHHHHCCEEEECCCCHHHHHHHHCCCHHHHCCCCEEEECCCCCCCHHHHHHHHHHHCCCEEEEEEECCHHHCCCCCCEEEEEECHHHHHHHHHHHHCCCCEEEECCHHHHHHHHHHHHHHHHHHHHHHHHHHHHHHCCCCHHHHHHHHHHHHHHHHHHHHHHHHHHHHHCCCCCCCCEHHHHHHHHHHHHHHHHHCCCCCHHHHHHHHHHHHHHHHHCCCEHHHHHHHHC
3hsy	B	NSIQIGGLFPRGADQEYSAFRVGMVQFSTSEFRLTPHIDNLEVANSFAVTNAFCSQFSRGVYAIFGFYDKKSVNTITSFCGTLHVSFITPSFPTDGTHPFVIQMRPDLKGALLSLIEYYQWDKFAYLYDSDRGLSTLQAVLDSAAEKKWQVTAINVGNINNDKKDETYRSLFQDLELKKERRVILDCERDKVNDIVDQVITIGKHVKGYHYIIANLGFTDGDLLKIQFGGANVSGFQIVDYDDSLVSKFIERWSTLEEKEYPGAHTATIKYTSALTYDAVQVMTEAFRNLRKQRIEISRRGNAGDCLANPAVPWGQGVEIERALKQVQVEGLSGNIKFDQNGKRINYTINIMELKTNGPRKIGYWSEVDKMVVTLT	CEEEEEEEEECCCHHHHHHHHHHHHHHCCCCCEEEEEEEEECCCCHHHHHHHHHHHHHHCCCEEEECCCCCCHHHHHHHHHHHCCEEEECCCCCCCCCCCEEECCCCCHHHHHHHHHHCCCCEEEEEECCCCCCHHHHHHHHHHHHHCCEEEEEEHHHCCCCCHHHHHHHHHHHHHHCCCCEEEECCCHHHHHHHHHHHHHHCCCHHHCEEEECCCEHHHCCCCCCCCCCCEEEEEECCCCCCHHHHHHHHHHCCCCCCCCCCCCCCCCCHHHHHHHHHHHHHHHHHCCCCCCCCCCCCCCCCCHHHHCCCCCHHHHHHHHHHHHCCCEEECCEEECECCCCCECCCEEEEEEEECCEEEEEEEEECCCCCEEECC
4pgr	A	HESKQSIMQRILTVFVFTLLIATVGLFIGQFVPVALMLPLSILEVAMIILAFWMRRRKAVGYAFVYTFAFVSGITLFPIVSHYASIAGAYVVLEAFGSTFVIFAVLGTIGAKMKKDLSFLWSFLLVAVLALAVVGIFNIFSPLNSAAMMAYSVIGTIVFSLYILYDLNQIKHRHITEDLIPVMALSLYLDFINLFINLLRFFGILSS	CCCHHHHHHHHHHHHHHHHHHHHHHHHHHCCCCHHHCCCHHHHHHHHHHHHHHCCCCCCCCHHHHHHHHHHHHHHCHHHHHHHHHHHCCHHHHHHHHHHHHHHHHHHHHHHHCCCCCHHHHHHHHHHHHHHHHHHHHHHHCCCCHHHHHHHHHHHHHHHHHHHHHHHHHHHHCCCCHHHHHHHHHHHHHHHHHHHHHHHHHHHHHCC
4bpz	A	HGSAFNTLVFSDEFEYEGKPDPEKWHYQVIPPNNGSWHNNELQHYTNRSENSFVSDGTLKIRAIKEKYTFEGSTKDYTSARLNSKFAFTYGKVEVRAKLPSKKGTWPAIWTLGANSNETGNYFGEQYGNAEWPACGSIDILEQNGWDKESTIAHFHWSDLNSDEYQNLGGTTPITNASGSFHVYSLEWNASAMKVFLDDTLVYELKNSQNTPYNAPHYLLLNIAMGGTLGGDIPENFTDDIFEIDYVRIYQ	CCCCCCCEEEEECCCCCECCCCCCEEECCCCCECCECCCCECEEECCCCCCEEEECCEEEEEEEEEEEEECCEEEEEEECEEEEEEEECCEEEEEEEECCCCCCEEEEEEEEECCCCCCCCCCCCCCCCCCCCCCCEEEEEECCCCCCCEEEEEEEEECCCCCCEEEEEEEEECCCCCCCCEEEEEEECCCEEEEEECCEEEEEEECCCCCCCCCCEEEEEEEEEEHHHHCCCCCCCCEEEEEEEEEEEEC
8s0u	A	ASSTQKPAIVQEEEDLTASWTYFTKLDAQHTDDNNLFYSNIDEVLFYMNYRYDDFKLLDMDSTGTKNFETILSELWTALNGKKPDYQLKTMQSLETDKKSSYFIEEEQAKHYQEIKKELGYQTLDDLLSFPVKTDALIVNKRYGYDKSKEKLTLYQGIDVLIEDNQPFHSPMNGQIVSVPDTETLVIEKEKVARLTIRGVNTLRLTKGMDVEEGTFLGNTKNSTVTFQYEKYKKETKDWFFVNPAFYFPRVTYTQTT	CCCCCCCCCCCCHHHHHHHHHHHHHHHHHHCECCECCCCCHHHHHHHHHHHHCCCCCCCECCCCCCEHHHHHHHHHHHHHCCCCCCCCCCHHHHHCCCCCCCCCCHHHHHHHHHHHHHHCCCCCCCCCCCCCCCCCEEEEECCEEEEECCEEEEECCEEEECCCCCEEECCCCEEEEEEEECCEEEEEECCCEEEEEECECCCCCCCCCEECCCCEEEEECCCEEEEEEEEEEHHHCEEEEECHHHHCCCEEECCCC
4n4u	A	MATWMAYTFGPSENLANVQGMKRVMEDIEKNTGGEVKFRLRLAGSLPIQATDITQAVGNGTVRFADDGFYLGNVRIAGILRLPMLLRSQEDFDKAYAIMKPYVERDFGKQGVVVLGHFSFPHQVIFSARKLESLADIKGQKLRVSSPEQAAFVQRAGGIPVTLGGAEVPSALSAGTIDGALTASAGGGKIWGDMLKYNLRLPVNYFDGFYLVNKKAFEALSPEMQAKMRESVARQAPGTTAQIAKEEGEVTDALRQKGMVIVPSTPAMEQAATDLVSGYWEDWAREQGPEAVQALAEVRKALGR	CEEEEEECCCCCCCCHHHHHHHHHHHHHHHHCCCCEEEEEECCCCCCCCHHHHHHHHHCCCCCEEEECCHHHCCHHHHHHHCCCCCCCHHHHHHHHHHHHHHHHHHHHHCCEEEEEEEEEEEEEEEECCCCCCCHHHCCCEEEECCHHHHHHHHHCCCEEEECCHHHHHHHHHHCCCCEEEECHHHHHHHCHHHCCEEEEEEEEEEEEEEEEEHHHHHCCCHHHHHHHHHHHHHHHHHHHHHHHHHHHHHHHHHHHHCCEEEECCHHHHHHHHHHHHHHHHHHHHHHCHHHHHHHHHHHHHHCC
2zc3	A	AKRGTIYDRNGVPIAEDATSYNVYAVIDENYKSATGKILYVEKTQFNKVAEVFHKYLDMEESYVREQLSQPNLKQVSFGAKGNGITYANMMSIKKELEAAEVKGIDFTTSPNRSYPNGQFASSFIGLAQLHENEDGSKSLLGTSGMESSLNSILAGTD	CCCCCEECCCCCEEEEEEEEEEEEEECCCCCECCCCCECCCCCCCHHHHHHHHHHHHCCCHHHHHHHHCCCCCCEEECCHHHCCECHHHHHHHHHHHCCCCCCCEEEEEEEEEECCCCCCCHHHHCCEEEEEECCCEEEEEECCHHHHHCHHHHCCCC
2w7z	B	TYPLPPNLPEQLPLLTNCQLEDEAILENHLYQQIDLPNQEVRNLVFRDAVFDHLSLANGQFASFDCSNVRFEACDFSNVEWLSGSFHRVTFLRCNLTGTNFADSYLDCLFEDCADYASFRFANFNLVHFNQTRLVESEFFEVTWLLLEACDLTESNWLNTSLGLDFSQNTFERLTFSPNYLSGLVTPEQAIYLASALGLVIT	CCCCCCCCCCCCCEECCCCCCCCCEEECCEEEEEECCCCECCCCEEEEEEEEEEECCCCECCCCEEEEEEEECCECCCCECCCCEEEEEEEECCECCCCECCCCEEEEEEECCCCCCECCCCEEEEEEEECCECCCCECCCCEEEEEECCECCCEEECCCCCCCECCCCECCCEEECHHHCCCCECHHHHHHHHHHCCCEEC
9f79	C	KEPTDDIAEALGELSLKKKKKKTKDSSVDAFEKELAKAGL	CCCCHHHHHHHHHCCCCCCCHHHHHHHHHHHHHHHHCCCC
4e57	A	QAPIAAYKPRSNEILWDGYGVPHIYGVDAPSAFYGYGWAQARSHGDNILRLYGEARGKGAEYWGPDYEQTTVWLLTNGVPERAQQWYAQQSPDFRANLDAFAAGINAYAQQNPDDISPEVRQVLPVSGADVVAHAHRLMNFLYVASPGRTLGEGDPGANSWAVAPGKTANGNALLLQNPHLSWTTDYFTYYEAHLVTPDFEIYGATQIGLPVIRFAFNQRMGITNTVNGMVGATNYRLTLQDGGYLYDGQVRPFERRQASYRLRQADGTTVDKPLEIRSSVHGPVFERADGTAVAVRVAGLDRPGMLEQYFDMITADSFDDYEAALARMQVPTFNIVYADREGTINYSFNGVAPKRAEGDIAFWQGLVPGDSSRYLWTETHPLDDLPRVTNPPGGFVQNSNDPPWTPTWPVTYTPKDFPSYLAPQTPHSLRAQQSVRLMSENDDLTLERFMALQLSHRAVMADRTLPDLIPAALIDPDPEVQAAARLLAAWDREFTSDSRAALLFEEWARLFAGQNFAGQAGFATPWSLDKPVSTPYGVRDPKAAVDQLRTAIANTKRKYGAIDRPFGDASRMILNDVNVPGAAGYGNLGSFRVFTWSDPDENGVRTPVHGETWVAMIEFSTPVRAYGLMSYGNSRQPGTTHYSDQIERVSRADFRELLLRREQVEAAVQERTPFNF	CCCCCCCCCCCCEEEECCCCCEEEECCCHHHHHHHHHHHHHHHHHHHHHHHHHHHCCCHHHHHCHHHHHHHHHHHHCCHHHHHHHHHHCCCHHHHHHHHHHHHHHHHHHHHCHHHCCHHHHHHCCCCHHHHHHHHHHHHHHHHHCCCCCCCCCCCCEEEEEEECHHHECCCCCEEEEEEEEECCCHHHCEEEEEEECCCCEEEEEEECCCCCCCEEECCCEEEEEECCCCCCEEEEECCEECCEEEECCEEECCEEEEEEEEEECCCCCEEEEEEEEEECCCCEEEECCCCCEEEEEECCCCCCCHHHHHHHHHCCCCHHHHHHHHCCCCCCCCEEEEEECCCCEEEEECCCCECCCCCCHHHHHCEEECCCHHHCCCCECCHHHCCEEECCCCCEEECCCCCCCCCCCCCCCCHHHCCCCCCCCCCCCHHHHHHHHHHHCCCCECHHHHHHHHCCCECHHHHHHHHHHHHHHHCCCCHHHHHHHHHHHHCCCECCCCCCCHHHHHHHHHHHCCCCCCCCCCEEECCCCCCCCCCCEEECCHHHHHHHHHHHHHHHHHHHCCCCCCHHHHEEEEECCEEEECCCECHHHCCCCEEEECCCCCCCCECEEEEECEEEEEECCCCCEEEEEECCCCCCCCCCCCCCCCHHHHHCCCCEECCCCHHHHHHHCCEEEECCC
1b5e	A	MISDSMTVEEIRLHLGLALKEKDFVVDKTGVKTIEIIGASFVADEPFIFGALNDEYIQRELEWYKSKSLFVKDIPGETPKIWQQVASSKGEINSNYGWAIWSEDNYAQYDMCLAELGQNPDSRRGIMIYTRPSMQFDYNKDGMSDFMCTNTVQYLIRDKKINAVVNMRSNDVVFGFRNDYAWQKYVLDKLVSDLNAGDSTRQYKAGSIIWNVGSLHVYSRHFYLVDHWWKTGETHISKKDY	CECCCECHHHHHHHHHHHHHCCCCEECCCCCEEEEEEEEEEECCCCCCCCCCCHHHHHHHHHHHHHCCCEHHHCCCCCCHHHHHHCCCCCECCCCHHHHHHCHHHCCHHHHHHHHHHHCCCCCCCEEECCCCCHHHHCCHHHCCCCCCEEEEEEEEECCEEEEEEEEEEEECCHHHHHHHHHHHHHHHHHHHHHHHHCCCCCCEEEEEEEEEEEEEEEHHHHHHHHHHHHHCCCCCCCCCC
3mao	A	SMEVFQNHFEPGVYVCAKCGYELFSSRSKYAHSSPWPAFTETIHADSVAKRPEHNRSEALKVSCGKCGNGLGHEFLNDGPKPGQSRFSIFSSSLKFVPKGKETSA	CCCCCCCCCCCEEEEECCCCCEEEEHHHEECCCCCCCEECCCCCCCCEEEEECCCCCCEEEEEECCCCCEEEEEECCCCCCCCCCEEEECHHHEEEEECCCCCCC
4a57	A	ADTEKRINVGKKHLQTLRNLETRCHDSLQALVVIDAGSSSTRTNVFLAKTRSCPNKGRSIDPDSIQLIGAGKRFAGLRVVLEEWLDTYAGKDWESRPVDARLLFQYVPQMHEGAKKLMQLLEEDTVAILDSQLNEKQKVQVKALGIPVMLCSTAGVRDFHEWYRDALFVLLRHLINNPSPAHGYKFFTNPFWTRPITGAEEGLFAFITLNHLSRRLGEDPARCMIDEYGVKQCRNDLAGVVEVGGASAQIVFPLQEGTVLPSSVRAVNLQRERLLPERYPSADVVSVSFMQLGMASSAGLFLKELCSNDEFLQGGICSNPCLFKGFQQSCSAGEVEVRPDGSASVNEDVRKNRLKPLATYCSVNNPEISFKVTNEMQCRENSIDPTKPLAERMKIENCSIIKGTGNFDKCVSQVESILVAPKLPLPANIEAASSGFESVDQVFRFASSTAPMIVTGGGMLAAINTLKDHRLLRSDFSGDVEELAEAAREFCSSEVIIRTDGPVIQLPNARGEQKLNSLNFDLCKTMALTVSLLRHMAAGENQPSFIKWEKSIAGPDGKPLADLGWQVGVILHHVLFTEEWGRNAYEAGYSHNLE	CCHHHHHHHHHHHHHHHHHHHHCCEEEEEEEEEEEECCCCEEEEEEEEEEEEECCCEEEECHHHCEEEEECCCECCHHHHHHHHHHHHCCCCCCCCCCCHHHHHHHHHHHHHHHHHHHHHHHHHHHHHHHHHCCHHHHHHHHHHCEEEEEEECCCCCCCCCCHHHHHHHHHHHHHCCCCHHHCCCEECCCCCCEECCHHHHHHHHHHHHHHHCCCCCCCCCEEEECCCCCEEEECCCCEEEEECCCCEEEEEECCCCCCCCCCCCCEECCCCCCCCCCCCCCEEEEEEEHHHCHHHHHHHHHHHHCCCCCCEECCEEEECCCCECCEEECCCECEEECCCCCEEECCCHHHECCHHHHHHCCCCCHHHHCCCCHHHHHHCCCCCCCCCHHHHHCCCCCCEEEECCCHHHHHHHHHHHHHCCCCCCCCCCCCCCCCCCCHHHHHHHCCCCCCEEEECHHHHHHHHHHHHCCCCCCCCCCCHHHHHHHHHHHHCCEEEEECCEEEEECCCCCCEEECCCCCCCHHHHHHHHHHHHHHHHHCCCCCCCEEECCCCCECCECCCCCCCCHHHHHHHHHCCHHHHHHHHHHHCHHHHCC
3t7f	A	GSSSERVLSYAPAFKSFLDTSFFQELSRLKLDVLKLDSTCQPLTVNLDLHNIPKSADQVPLFLTNRSFEKHNNKRTNEVPLQGSIFNFNVLDEFKNLDKQLFLHQRALECWEDGIKDINKCVSFVIISFADLKKYRFYYWLGVPCFQRPSSTVLHVRPEPSLKGLFSKCQKWFDVNYSKWVCILDADDEIVNYDKCIIRKTKVLAIRDTSTENVPSALTKNFLSVLQYDVPDLIDFKLLIIRQNEGSFALNATFASIDPQSSSSNPDKVSGWERNVQGKLAPRVVDLS	CCCCCEECCCECCEEEEECHHHHHHHHHHHCCCCCCCEEEEEEEEEECCCCCCCCCCEEEEEECHHHHCCCCCCCCCCEEEEEEEEEECCHHHHHHCCHHHHHHHHHHHHHHHHCCCHHHCCCEEEEEEEECCCCEEEEEEEEEEEECCCCEEEEEEECHHHHHHHHHHHHHHHHCCCCCEEEECCCCCEEECCHHHHHHHCEEEEECCECCCCCECHHHHHHHHHHHHCCCCCEEEEEEECCCCCCEEEEEEEEECCCCCCCCCCCEEEEECCCCCCCCCCEEEECC
7a03	A	AEQYAAYKQKMQKIADVRNAIAVLGWDQETYLPEKGAGFRGQQITTLSTIAHELFTAPELGSLLHELHHHPELDAVQQKNIALSLEDYDKNKKYPASLVAEISEATNQAYHAWIKARKANDYQVFEPALARMVELKRKETTVLGYEDHPYNALLNEYEKGANVDMLDTIFTEVKTALSPLLDDIAKQTPARRDFLHLHFDRDKQWQLGIDLLRQMGYDMSAGRQDISEHPFTTSFNPLDVRVTTRIDENDFSNMTWSCIHEGGHALYEQGLPTEQYGLPCGEAASLGIHESQSRLWENNVGRSLNFWKFQYPRIQALFPEQLGNVSLQEFYKAINHVQPSLIRTEADEITYHFHIMIRYEIEKGLIDGSISTKDLNKTWNDYYRQYLHVEVPNDTQGVLQDIHWSHGSFGYFPTYSLGSFYAAQFFTTAQKQVPDLDVSIASGNYQPLLEWLRNNIHPFGRFYTSNELCQKITGNPLQFSYFLDYAAGKFLRG	CHHHHHHHHHHHHHHHHHHHHHHHHHHHHHCCCHHHHHHHHHHHHHHHHHHHHHHCCHHHHHHHHHHCCCCCCCHHHHHHHHHHHHHHHHHHHCCHHHHHHHHHHHHHHHHHHHHHHHHCCHHHHHHHHHHHHHHHHHHHHHHCCCCCCHHHHHHHHCCCCCHHHHHHHHHHHHHHHHHHHHHHHCCCCCCCHHHHCCCCHHHHHHHHHHHHHHHCCCCCCEEEEECCCCCEEECCCCCEEEEECCCCCCHHHHHHHHHHHHHHHHHHHHCCHHHCCCHHHCCCCHHHHHHHHHHHHHHHCCCHHHHHHHHHHHHHHCHHHHCCCCHHHHHHHHCCCCCCCCHHHCCCCCHHHHHHHHHHHHHHHHHCCCCCCCHHHHHHHHHHHHHCCCCCCCCCCCCCCCHHHHCCCCCCHHHHHHHHHHHHHHHHHHHHCCCHHHHHHCCCCHHHHHHHHHHCHHHCCCCCHHHHHHHHHCCCCCHHHHHHHHHHHHCCC
4r16	A	RIAVLGLGYIGLPTAIFASSGYDVVGYDIRSEVIKKINSGVAHIIEPEIDRRLKEVLSLGKLKVTDRVEDLKGSNVFIICVQTPLSGDDPDLSYLERAIRTVAEVDRGALVIIESTIPPGTTEKARLLENLTGLREGVDFYVAHAPERVPGRIFKELVYNSRIIGGVSEKAANLAEKLYRSFVKGRIFLTNATTAEVKLENTFRDVNIALANEFALLAHQYGVNVYEAIELANTHPRVKIHTPGIGVGGHCLPKDPYLLLSNAKEDFGLIRIARRINERPAFAAGLLFEALEKANIKPSEAIIAVLGLAYKGGTDDTRNSPALKFVEIIRNSVKEVRTYDPYVRGTHDSLEKVVEGADAIVIATDHPEFKSVNWESIGKSRHKIIIDGRNIIKEPPVGFIFRGIGRGDV	EEEEECCCCCHHHHHHHHCCCCEEEEECCCHHHHHHHHCCCCCCCCCCHHHHHHHHHHHCCEEEECCHHHHCCCCEEEECCCCCEECCEECCHHHHHHHHHHHHHCCCCEEEECCCCCCCHHHHHHHHHHHHCCCECCCEEEEECCCCCCCCHHHHHHHCCEEEEECCHHHHHHHHHHHCCCCCCCEEEEEHHHHHHHHHHHHHHHHHHHHHHHHHHHHHHCCEHHHHHHHHCCCCCCCCCCCCCCCCCCCCCCHHHHHHCCCCCCCCHHHHHHHHHHCHHHHHHHHHHHHHHCCCCHHHCEEEEECCCCCCCCCCCCCCHHHHHHHHHCCCCCEEEEECCCCCCCCCCHHHHHCCCCEEEECCCCHHHHHCCHHHHHHCCCCEEEECCCCCCCCCCCCEEEECCECCC
1o7i	A	MEEKVGNLKPNMESVNVTVRVLEASEARQIQTKNGVRTISEAIVGDETGRVKLTLWGKHAGSIKEGQVVKIENAWTTAFKGQVQLNAGSKTKIAEASEDGFPESSQIPENTPTAP	CECCHHHCCCCCCCEEEEEEEEEECCCEEECCCCCCEEEEEEEEEECCEEEEEEEEHHHCCCCCCCCEEEEEEEEEEEECCEEEEEECCCCEEEECCCCCCCCHHHCCCCCCECC
6zt0	A	DSRPAAHFHLSSRRRHQGSMGYHGDMYIGNDNERNSYQGHFQTRDGVLTVTNTGLYYVYAQICYNNSHDQNGFIVFQGDTPFLQCLNTVPTNMPHKVHTCHTSGLIHLERNERIHLKDIHNDRNAVLREGNNRSYFGIFKV	CCCCEEEEEEEEEECCCCCCCCCCCEEEEEECCCCCCCCCEEEECCEEEECCCEEEEEEEEEEECCCCCEEEEEEEECCEEEEEEEEECCCCCCCCCEEEEEEEEEEECCCCEEEEEECCCCCCECCCCCCCCCEEEEEEC
9s9i	B	PVSYEVLTKFIGQKVKDIYGREFGYLIHVYSEIDGSITGIEVAQGSSILTMGPERIKLDGDSILILPDWKAEAIRILSLMEKIRKRQRDLEEDYNKQEDPKSDYDDMKRKLDTEMLKVKDDQNKLKGKLKSRLNDIEDQLAHIDKAVDSLKDSYDSSEIPENAYKGSMEVLRQSKDSYTLERDDIRKTLDRLDSL	CEEHHHHHHHCCCEEEECCCCEEEEEEEEEECCCCEEEEEEEEECCEEEEECHHHEEECCCCEEECCHHHHHHHHHHHHHHHHHHHCCHHHHCCCCCCCCCCCCHHHHHHHHHHHHHHHHHHHHHHHHHHHHHHHHHHHHHHHHHHHHHHHHHHHCCCCCHHHHHHHHHHHHHHHHHHHHHHHHHHHHHHHHCCC
3kra	B	MQPYWAAIEADIERYLKKSITIRPPETVFGPMHHLTFAAPATAASTLCLAACELVGGDRSQAMAAAAAIHLVHAAAYVHEHLPLTDGSRPVSKPAIQHKYGPNVELLTGDGIVPFGFELLAGSVDPARTDDPDRILRVIIEISRAGGPEGMISGLHREEEIVDGNTSLDFIEYVCKKKYGEMHACGAACGAILGGAAEEEIQKLRNFGLYQGTLRGMMEMKNSHQLIDENIIGKLKELALEELGGFHGKNAELMSSLVA	CCHHHHHHHHHHHHHHHHHCCCCCCHHHHHHHHHHHHHCCCCHHHHHHHHHHHHCCCCHHHHHHHHHHHHHHHHHHHHHHCCCCCCCCCCCCCCCCCCCCCHHHHHHHHHHHHHHHHHHHHHCCCCCCCCHHHHHHHHHHHHHHHCCCCCHHHHHHHHCCCCCCCCCHHHHHHHHHHHHHHHHHHHHHHHHHHCCCCHHHHHHHHHHHHHHHHHHHHHHHCCCCCCCCHHHHHHHHHHHHHHHCCCCCCHHHHCHHHHC
1weh	A	RLLAVFVSSRLSPEDPLYARWVRYGEVLAEEGFGLACGGYQGGEALARGVKAKGGLVVGVTAPAFFPERRGPNPFVDLELPAATLPQRIGRLLDLGAGYLALPGGVGTLAELVLAWNLLYLRRGVGRPLAVDPYWLGLLKAHGEIAPEDVGLLRVVADEEDLRRFLRSL	EEEEEECCCCCCCCCHHHHHHHHHHHHHHHCCEEEEECCCCCHHHHHHHHHHCCCCEEECCCHHHCCCCCCCCCCCCEECCCCCHHHHHHHHHHHEEEEEECCCCHHHHHHHHHHHHHHHCCCCCCCCEEECHHHHHCCCCECCECHHHHCCCEECCCHHHHHHHHHCC
6fmc	A	GHMFKCMEALGMESGEIHSDQITASSQYSTNWSAERSRLNYPENGWTPGEDSYREWIQVDLGLLRFVTAVGTQGAISKETKKKYYVKTYKIDVSSNGEDWITIKEGNKPVLFQGNTNPTDVVVAVFPKPLITRFVRIKPATWETGISMRFEVYGCKIT	CCCCCCCEECCCCCCCCCHHHEEECCCCCHHHCHHHHECCCCCCCECCCCCCCCCCEEEEEEEEEEEEEEEEECEECCCCCCEEEEEEEEEEEECCCCCCEECEECCEECCEECCCCCCCCEEEEEEEEEEEEEEEEEEEEEECCCCEEEEEEEECCC
1l2p	A	TDQLKKAKAEAQVIIEQANKRRSQILDEAKAEAEQERTKIVAQAQAEIEAERKRAREELRK	CHHHHHHHHHHHHHHHHHHHHHHHHHHHHHHHHHHHHHHHHHHHHHHHHHHHHHHHHHHCC
3bcb	A	EARRAHEHLIRLLLEQGKCPEDGWDESTLELFLHELAVMDSNNFLGNCGVGEREGRVASALVARRHYRFIHGIGRSGDISAVQPKAAGSSLLNKITNSLVLNVIKLAGVHSVASCFVVPMATGMSLTLCFLTLRHKRPKAKYIIWPRIDQKSCFKSMVTAGFEPVVIENVLEGDELRTDLKAVEAKIQELGPEHILCLHSTTACFAPRVPDRLEELAVICANYDIPHVVNNAYGLQSSKCMHLIQQGARVGRIDAFVQSLDNFMVPVGGAIIAGFNEPFIQDISKMYPGRASASPSLDVLITLLSLGCSGYRKLLKERKEMFVYLSTQLKKLAEAHNERLLQTPHNPISLAMTLKTIDGHHDKAVTQLGSMLFTRQVSGARAVPLGNVQTVSGHTFRGFMSHADNYPCAYLNAAAAIGMKMQDVDLFIKRLDKCLNIVRKEQTR	CHHHHHHHHHHHHHHHCCCCCCCCCHHHHHHHHHHHHHCEHHHCCCCCCCCCCCCCCCCHHHHHHCCCCCCCECECCECCCCCCCEHHHHHHHHHHHHHHHHHHHHHCCCCCCEEEEECCCHHHHHHHHHHHHHHHCCCCCEEEEECCCCHHHHHHHHHCCCEEEEECCEEECCEEECCHHHHHHHHHHHCHHHEEEEEEECCCCCCECCCCHHHHHHHHHHHCCCEEEECCCCCCCHHHHHHHHHHHHHCCCCEEEEEHHHHCCCCCCEEEEECCHHHHHHHHHCCCCCECCHHHHHHHHHHHHHHHHHHHHHHHHHHHHHHHHHHHHHHHHHHCCCCECCCCCCCCEEEEECCCCCCCCCCHHHHHHHHHHHCCCCCCEEECCCCEEEECCEEEECCCCCCCCCCCCEEEEECCCCCCHHHHHHHHHHHHHHHHHHHHHHHC
3gwl	A	GSHMLHWGPKYWRSLHLYAIFFSDAPSWKEKYEAIQWILNFIESLPCTRCQHHAFSYLTKNPLTLNNSEDFQYWTFAFHNNVNNRLNKKIISWSEYKNIYEQSILK	CCCHHHHHHHHHHHHHHHHHHCCCCCCHHHHHHHHHHHHHHHHHCCCHHHHHHHHHHHHHCCCCCCCHHHHHHHHHHHHHHHHHHCCCCCCCHHHHHHHHCCCCCC
3fw2	A	AKSEIGKYAPFFSLPNAKGEKITRSSDAFKQKSLLINFWASWNDSISQKQSNSELREIYKKYKKNKYIGLGISLDVDKQQWKDAIKRDTLDWEQVCDFGGLNSEVAKQYSIYKIPANILLSSDGKILAKNLRGEELKKKIENIVEEA	CCCCCCCECCCCCEEECCCCEECCCCCCCCCCEEEEEEECCCCCCHHHHHHHHHHHHHHHHHCCCCCEEEEEECCCCHHHHHHHHHHCCCCCEEECCCCHHHCHHHHHCCCCCCCEEEEECCCCEEEEECCCHHHHHHHHHHHHHHC
6hyy	A	SELRKLFYSADAVCFDVDSTVIREEGIDELAKICGVEDAVSEMTRRAMGGAVPFKAALTERLALIQPSREQVQRLIAEQPPHLTPGIRELVSRLQERNVQVFLISGGFRSIVEHVASKLNIPATNVFANRLKFYFNGEYAGFDETQPTAESGGKGKVIKLLKEKFHFKKIIMIGDGATDMEACPPADAFIGFGGNVIRQQVKDNAKWYITDFVELLGELEE	CHHHHHHHCCCEEEEECECCCECCCHHHHHHHHCCCHHHHHHHHHHCCCCCCCHHHHHHHHHHHHCCCHHHHHHHHHHCCCCECCCHHHHHHHHHHCCCEEEEEEEEEHHHHHHHHCCCCCCHHHEEEECEEECCCCCEEEECCCCHHHCCCHHHHHHHHHHHHHCCCCEEEEECCHHHHCCCCCCCEEEEECCCCCCHHHHHHCCEEECCHHHCCCCCCC
4d7j	A	EEKEILWNEAKAFIAACYQELGKAAEVKDRLADIKSEIDLTGSYVHTKEELEHGAKMAWRNSNRCIGRLFWNSLNVIDRRDVRTKEEVRDALFHHIETATNNGKIRPTITIFPPEEKGEKQVEIWNHQLIRYAGYESDGERIGDPASCSLTAACEELGWRGERTDFDLLPLIFRMKGDEQPVWYELPRSLVIEVPITHPDIEAFSDLELKWYGVPIISDMKLEVGGIHYNAAPFNGWYMGTEIGARNLADEKRYDKLKKVASVIGIAADYNTDLWKDQALVELNKAVLHSYKKQGVSIVDHHTAASQFKRFEEQAEEAGRKLTGDWTWLIPPISPAATHIFHRSYDNSIVKPNYFYQDKPYE	CHHHHHHHHHHHHHHHHHHHCCCHHHHHHHHHHHHHHHHHHCCCCCCHHHHHHHHHHHHHCCCCCCCHHHHHHCEEEECCCCCCHHHHHHHHHHHHHHHHHHHCCCCEEEECCCCCCCCCCEEECCCECCCECEEEECCEEEECHHHHHHHHHHCCCCCCCCCCCCCECCEEEEECCCCCCEEECCCHHHCCEEECCCCCCHHHHHHCCEEECCCEECCCEEEECCEEECCCCEECCEEHHHHHHHHCCCCCCCCCHHHHHHHCCCCCCCHHHCHHHHHHHHHHHHHHHHHHHHCCCEECHHHHHHHHHHHHHHHHHHCCCCCCCHHHHCCCCCHHHCHHHHCCCCCCCCCCEEECCCCCCC
7cup	A	PVSNAQLTQMFEHVLKLSRVDETQSVAVLKSHYSDPRTVNAAMEAAQRLKAKVYAVELPAFNHPTAMGNDMTAYCGDTALTGNLAAQRALEAADLVVDTMMLLHSPEQEQILKTGTRILLAVEPPEVLARMLPTEDDKRRVLAAETLLKQARSLHVRSKAGSDFHAPLGQYPAVTEYGYADEPGRWDHWPSGFLFTWPNEDSAEGTLVLDVGDIILPFKNYCRERITLEIEKGFITGIHGGFEAEYLRDYMKYFNDPEVYGISHIGWGLQPRAQWTAMGLHDRNDGMCMDARAFYGNFLFSTGPNTEVGGKRKTPCHLDIPLRNCDIYLDDKAVVLAGDVVAPEESRA	CCCHHHHHHHHHHHHHHCCCCCCCEEEEEECCCCCHHHHHHHHHHHHHCCCEEEEEECCCCCCCCCCCCCHHHECCCCCCCCCHHHHHHHHCCCEEEECCCCCCCHHHHHHHHCCCEEEECCCCHHHHHHCCCCHHHHHHHHHHHHHHHHCCEEEEECCCCCEEEEECCCCCCEEECCCCCCCCCEEECCCCEEEECCCCCCCEEEEEECCCCEEECCCEECCCCEEEEEECCEEEEEECCHHHHHHHHHHHCCCCHHHHEEEEEEEECECCCCCCHHHHCCHHHCCCHHHHHECCCEEEEECCCHHHCCCCCCCECEEEEECCCEEEECCEEEEECCEECCCHHHCC
7z76	C	RPVLRSVNSREPSQVIFCNRSPRVVLPVWLNFDGEPQPYPTLPPGTGRRIHSYRGHLWLFRDAGTHDGLLVNQTELFVPSLNVDGQPIFANITLPVYTLKERCLQVVRSLVKPENYRRLDIVRSLYEDLEDHPNVQKDLERLT	CCCCCCCCCCCEEEEEEEECCCCCEEEEEECCCCCEEECCCECCCCEEEEEEECCCEEEEEECCCCCECEECCECCECCCCCCCCCCEEEEEECCCCCHHHHHHHHHHHHCCHHHHHHCCCCCHHHHHHHCCCCHHHHHHHHC
3eki	A	QGQWDKSITFGVSEAWLNKKKGGEKVNKEVINTFLENFKKEFNKLKNANDKTKNFDDVDFKVTPIQDFTVLLNNLSTDNPELDFGINASGKLVEFLKNNPGIITPALETTTNSFVFDKEKDKFYVDGTDSDPLVKIAKEINKIFVETPYASWTDENHKWNGNVYQSVYDPTVQANFYRGMIWIKGNDETLAKIKKAWNDKDWNTFRNFGILHGKDNSSSKFKLEETILKNHFQNKFTTLNEDRSAHPNAYKQKSADTLGTLDDFHIAFSEEGSFAWTHNKSATKPFETKANEKMEALIVTNPIPYDVGVFRKSVNQLEQNLIVQTFINLAKNKQDTYGPLLGYNGYKKIDNFQKEIVEVYEKAIK	CCECCCEEEEEEEHHHHCCCECCECHHHHHHHHHHHHHHHHHHHHHHCCCCCCCCCCCEEEEEEECCHHHHHHHHHHCCCCCCEEEECHHHHHHHHHHCCCCEEEEEEEEEEEECCECCCCCCCCCCCCCCHHHHHHHHHHHHHHHCCHHHCCCCCCCECCCCEHHHEEEEEEECCECEEEEEEECHHHHHHHHHHHHCCCHHHHHHCCEEECCCCCHHHHHHHHHHHHHHCCCCCCCHHHHHHHCHHHEEECCHHHHHHCCCCCEEEEECCHHHHCCCCCCCCCCCCCCCCEEEEEEECCCECCCEEEEECCECHHHHHHHHHHHHHHHHCCCCCCHHHHCCCEEEECCCHHHHHHHHHHHHHC
6cnw	A	EVQLVESGGGLVQPGGSLRLSCAASGFTFSTSWMYWLRQAPGKGLEWVSVINTDGGTYYADSVKGRFTISRDNSKNTLYLQMNSLRAEDTAVYYCAKDWGGPEPTRGQGTLVTVSS	CCEEEEECCCEECCCCCEEEEEEEECCCHHHCCEEEEEECCCCCEEEEEEECCCCCEEECHHHCCCEEEEEEHHHCEEEEEECCCCHHHCEEEEEEECCCCCCCEECCCEEEEECC
1qst	A	LDFDILTNDGTHRNMKLLIDLKNIFSRQLPKMPKEYIVKLVFDRHHESMVILKNKQKVIGGICFRQYKPQRFAEVAFLAVTANEQVRGYGTRLMNKFKDHMQKQNIEYLLTYADNFAIGYFKKQGFTKEHRMPQEKWKGYIKDYDGGTLMECYIHPYVDY	CEEEEECCCCCHHHHHHHHHHHHHHHHHCCCCCHHHHHHHHCCCCEEEEEEEECCCEEEEEEEEEEEHHHCEEEEEEEEECHHHCCCCHHHHHHHHHHHHHHHCCCCEEEEEECCCCHHHHHHCCCECCCCCCHHHHCCCCCCCCCCEEEEEECCCCCCC
3rpf	A	AVLKIIQGALDTRELLKAYQEEACAKNFGAFCVFVGIVRKEDNIQGLSFDIYEALLKTWFEKWHHKAKDLGVVLKAHSLGDVLIGQSSFLCVSGKNRKNALELYENFIEDFKHNAPIWKYDLIHNKRIYAKERSHPLKGSGLL	CCEEEEECCCCHHHHHHHHHHHHHHCCCCEEEEEEEECCCCCCCCEEEEEECHHHHHHHHHHHHHHHHHCCEEEEEEEEEEEECCCEEEEEEEECCHHHHHHHHHHHHHHHHHHCCEEEEEEECCEEEECHHHCECCCCCCCC
9o6b	A	KRIPYSKGQLRELEREYAANKLITKDKRRKISAATSLSERQITIWFQNRRVKEKKVLAKVK	CCCCCCHHHHHHHHHHHHHCCCCCHHHHHHHHHHHCCCHHHHHHHHHHHHHHHHHHHHHHC
4n3y	B	ETRDQVKKLQLMLRQANDQLEKTMKDKQELEDFIKQSSEDSSHQISALVLRAQASEILLEELQQGLSQAKRDVQEQMAVLMQS	CHHHHHHHHHHHHHHHHHHHHHHHHHHHHHHHHHHHHHHHHHHHHHHHHHHHHHHHHHHHHHHHHHHHHHHHHHHHHHHHHHC
8yuf	A	VRWQQRLNNYARALQQLSLAVNLAQTRPLSDLEKQGLIQAFEFTHELAWNVMKDYFFFAGNSAITGSRDATRESFNKGLIKEGEIWMEMIKSRNQTSHTYNQSVADEIVKNIINFYHTSFQAFLEKMQGLKEH	CCHHHHHHHHHHHHHHHHHHHHHHHHCCCCHHHHHHHHHHHHHHHHHHHHHHHHHHHHCCCCCCCCHHHHHHHHHHHCCCCCHHHHHHHHHHHHCHHHCCCHHHHHHHHHHHHHHHHHHHHHHHHHHHHHHCC
8oi3	A	PVLGPTQWLGDEHIQRDYELLAQELQQNNPDLAARTRFVDPLIAQMLRSPSKEVAERALGWVRPGTADFLFLPVSDASDTDRHQRGSHWSLLLVDRRDRGRRVAYHYDSTQGYNDGLAAELAGRLDANLQQAPIRQQQNSYDCGVFVLDGTRELVRRLAARRPDLNLNNLVISRQELRDRLGA	CCCCCCCCCEHHHHHHHHHHHHHHHHHHCHHHHHCEEECCHHHHHHHCCCCHHHHHHHHHHHCHHHCCEEEEEEECCCCCCCCCCCCCEEEEEEECCCCCCCEEEEECCCCCCCHHHHHHHHHHCCCEEEEECECCCCCCCCHHHHHHHHHHHHHHHHHCCCCCCCECCCCCCHHHHHHHHHC
4pqh	A	EVLPPVLTSNSEPPPVFDGTTRLYISYTCPYAQRVWITRNCKGLQDKIKLVPIDLQDRPAWYKEKVYPPNKVPSLEHNNEVKGESLDLIKYIDSHFDGPSLFPDDPAKKEFAEDLFSYTGSFSKANNSTFKGEADEAGAAFDYIETALSKFDDGPFFLGQFSLVDIAYAPFIERFQPALLEFKKYDITAGRPKLAAWIEEMNKVEAYNQTRHEP	CCCCCCECCCCCCCCCCCCCEEEEECCCCHHHHHHHHHHHHCCCCCCEEEEEECCCCCCHHHHHHHCCCCCCCEEEECCEEEECHHHHHHHHHHHCCCCCCCCCCHHHHHHHHHHHHHHHHHHHHHHHHHCCCCCCHHHHHHHHHHHCCCCCCCCECEEECCHHHHHHHHHHHHHHHHHHHHHCCCCCCCCHHHHHHHHHHCCCHHHHHHHCCC
1ow4	A	NSSTQSYKDAMGPLVRECMGSVSATEDDFKTVLNRNPLESRTAQCLLACALDKVGLISPEGAIYTGDDLMPVMNRLYGFNDFKTVMKAKAVNDCANQVNGAYPDRCDLIKNFTDCVRNSY	CCCCHHHHHHHHHHHHHHCCCCCCCHHHHHHHHCCCCCCCHHHHHHHHHHHHHHCCECCCCCECCHHHHHHHHHHHHCCCCHHHHHCHHHHHHHHHHHCCCCCCHHHHHHHHHHHHHHCC
2g7o	A	AFNQTEFNKLLLECVVKTQSSVAKILGIESLSPHVSGNSKFEYANMVEDIREKVSSEMERFFPKNDDE	CCCHHHHHHHHHHHHHHHHHHHHHHHHHHHCCHHHCCCHHHCHHHHHHHHHHHHHHHHHHHCCCCCCC
2hbo	A	AIPEGFSQLNWSRGFGRQIGPLFEHREGPGQARLAFRVEEHHTNGLGNCHGGLSFADAWGRIISLQKSYSWVTVRLCDFLSGAKLGDWVEGEGELISEEDLFTVRGRIWAGERTLITGTGVFKALSARKPRPGELAY	CCCCCEEECCCCCCHHHHHCCEEEECCCCCCCCEEEECCHHHECCCCEECHHHHHHHHHHHHHHHHHCEEEEEEEEEEECCCCECCCEEEEEEEEEEEECEEEEEEEEEECCEEEEEEEEEEEEEEECCCCCCCCCC
4q86	A	TQTFIPGKDAALEDSIARFQQKLSDLGFQIEEASWLNPVPNVWSVHIRDKECALCFTNGKGATKKAALASALGEYFERLSTNYFFADFWLGETIANGPFVHYPNEKWFPLTENDDVPEGLLDDRLRAFYDPENELTGSMLIDLQSGNEDRGICGLPFTRQSDNQTVYIPMNIIGNLYVSNGMSAGNTRNEARVQGLSEVFERYVKNRIIAESISLPEIPADVLARYPAVVEAIETLEAEGFPIFAYDGSLGGQYPVICVVLFNPANGTCFASFGAHPDFGVALERTVTELLQGRGLKDLDVFTPPTFDDEEVAEHTNLETHFIDSSGLISWDLFKQDADYPFVDWNFSGTTEEEFATLMAIFNKEDKEVYIADYEHLGVYACRIIVPGMSDIYPAEDLWLANNSMGSHLRETILSLPGSEWEKEDYLNLIEQLDEEGFDDFTRVRELLGLATGSDNGWYTLRIGELKAMLALAGGDLEQALVWTEWTMEFNSSVFSPERANYYRCLQTLLLLAQEEDRQPLQYLNAFVRMYGADAVEAASAAMSGEAAFYGLQPVDSDLHAFAAHQSLLKAYEKLQRAKAAF	CCCCCCCCCCCHHHHHHHHHHHHHHHCCCEEEEEEEEEECCEEEEEEEECCEEEEEEEEEECCHHHHHHHHHHHHHHHHHCCHHHCCCCCHHHHHHCCCCCCCCCEEECCCCCCCCCCCCCCHHHHHHHCCCCCCCHHHCCCCCCCCCCCCEEEEEEEECCCCCEEEEEHHHHHHHCCCCCEEEECCHHHHHHHHHHHHHHHHHHHHHHHCCCCCCECCHHHHCCCHHHHHHHHHHHHCCCCEEEEECCCCCCCCEEEEEEEECCCCEEEEEEEECCCHHHHHHHHHHHHCCCCCCCCCCCCECCECCHHHHHCHHHHHHHHHHCCCCCEHHHHCCCCCCCCCCCCCCCCHHHHHHHHHHHHHHCCCCCEEEEECCCCCEEEEEECCCCCCCCCCCHHHHCCCCCCHHHHHHHHCCCCCCCCHHHHHHHHHHHHHCCCCCCCEHHHHHCCCCCCCCHHHCCEHHHHHHHHHHHCCCHHHHHHHHHHHHHHHHHHCCHHHHHHHHHHHHHHHHHCCCCCCHHHCHHHHHHHHCHHHHHHHHHHHHCCCCCCCCCCCCCCCCCCHHHHHHHHHHHHHHHHHHHC
4c9y	A	SIKEPFITCDEFNGVPSYKSRLTYNQINDVIKEINKAVISKYKILHQPKKSNSVTRNLYHRFIDEETKDTKGRYFIVEADIKEFTTLKADKKFHVLLNILRHCRRLSEVRGGGLTRYVIT	CCCCCCCCHHHHHCCCHHHCCCCHHHHHHHHHHHHHHHHHHHHHHCCCHHHCHHHHHHHHHHHHHCCCCCCCCCEECHHHHHHHCCCCCCHHHHHHHHHHHHCCCEEEECCCCCCEEEEC
4eyz	A	MASYNSDGWYGEAINASLNTCAADLGKWQNFIDDYTSNDYYKGTPYIDWVFASSPKGDRWQNEWSVSELKVGGTYEEGGLNGFVWHAIAKGLSVESGLDISQTGQYVPFSSYFNGLGLSRKCWATPGGSGGWTVFVDYYNLHYYEFPTKEELSSGVLQKGDIIWCVDGSVGLGAGLRTIADNHHIGIYTGNGTSDSWWQSGPVKADGDLVNVGTDVCPIYGAAAKNTYVVLPWAKKA	CCCECCCCECHHHHHHCCCCCCCCHHHHHHHHHHHCCCCCCCCCCECCCCCCEECCCCCHHHCCCHHHHHCCCECCCEEECHHHHHHHHHHHHHHHCCCHHHHHHHCCCCCCHHHHCCCCCCCECCCCCECHHHHHHHCCECEEEECCHHHHHCCCCCCCCEEEEEECCCCCHHHHCCCCCCCEEEEECCCCCCCCEEEEEECCCCCCCCCEEEEEECCCCCCCCEEEEEECCCCCC
3fqm	A	LGVPFFSCQRGYKGVWRGDGIMQTTCPCGAQITGHVKNGSMRIVGPRTCSNTWHGTFPINAYTTGPCTPSPAPNYSRALWRVAAEEYVEVTRVGDFHYVTGMTTDNVKCPCQVPAPEFFTEVDGVRLHRYAPACKPLLREEVTFLVGLNQYLVGSQLPCE	CCCCCCCCCCCECCEEECCEEEEEECCCCCEEEEEEECCEEEEECCCCCHHHHHCCECCCCCCECCCEEECCCCCCEEEEEEECCEEEEEEEECCEEEEEEECCCCEECCCCCCCHHHCCEECCEECCCCCCCCCCCECCCCEEEECCEEEECCCECCCC
5mhj	A	LDADATSGAFYARYRDGYVSGEPWPGAGPPPPGRVLYGGLGDSRPGLWGAPEAEEARRRFEASGAPAAVWAPELGDAAQQYALITRLLYTPDAEAMGWLQNPRVVPGDVALDQACFRISGAARNSSSFITGSVARAVPHLGYAMAAGRFGWGLAHAAAAVAMSRRYDRAQKGFLLTSLRRAYAPLLARENAALT	CCHHHHCCHHHHCCCCCCCCCCCCCCCCCCCCCEEECCCCCCEEECCCCCHHHHHHHHHHHHHCCCCCCCCHHHCCHHHHHHHHHHHCCCCCCCHHHHHHCCCCCHHHHHHHHHHHHHHCCCCCCCCCCCCCCCCCCCCHHHHHHHCCHHHHHHHHHHHHHHCCCCCHHHHHHHHHHHHHHHHHHHHHHHHHCC
1iq4	A	MNRLKEKYLNEVVPALMSKFNYKSIMQVPKIEKIVINMGVGDAVQNPKALDSAVEELTLIAGQRPVVTRAKKSIAGFRLRQGMPIGAKVTLRGERMYEFLDKLISVSLPRARDFRGVSKKSFDGRGNYTLGIKEQLIFPEIDYDKVNKVRGMDIVIVTTANTDEEARELLALLGMPFQK	CCHHHHHHHHHHHHHHHHHHCCCCHHHCCCEEEEEEEEECCCCCCCHHHHHHHHHHHHHHHCCCCEEEECCCCCCCCCCCCCCEEEEEEEECHHHHHHHHHHHHHHHHHHCCCCCCECCCCECCCCEEEEEECCHHHCCCCCHHHCCCCCCEEEEEEECCCCHHHHHHHHHHHCCCECC
8ii8	A	SLTLSPLPPLSNDIYPIGRNSLGNLMTATEKAKELPQEDKSAAQFQATSQESYKSAVSQTTKESPSASLAKFCKEAETAYPALYKAIQANDSASAKELAKSIASKLTEVATRAGNVAQAYNQGAAKAQEGQKLMKSALPGSHPVKDSVDDALQYLSPAAQVFTSMQSSLNESAKNVVAAADKVGKVPANQIASEDSGEAIANAWAKLGVKATAQAEAYNKWQGNQ	CECCCCCCCCCCCCCCCCHHHHHHHHHHHHHHHCCCCCCCCCHHHHHHHHHHHHHHHHHHHHHCHHHHHHHHHHHHHHHHHHHHHHHHCCCHHHHHHHHHHHHHHHHHHHHHHHHHHHHHHHHHHHHHHHHHHHHHHCCCCCHHHHHHHHHHHHHHHHHHHHHHHHHHHHHHHHHHHHHHHCECCECHHHCECCCCHHHHHHHHHHHHHHHHHHHHHHHHHHCCC
6sx5	A	SHMSRKIRDLIESKRFQNVITAIIVLNGAVLGLLTDTTLSASSQNLLERVDQLCLTIFIVEISLKIYAYGVRGFFRSGWNLFDFVIVAIALMPAQGSLSVLRTFRIFRVMRLVSVIPTMRRVVQGMLLALPGVGSVAALLTVVFYIAAVMATNLYGATFPEWFGDLSKSLYTLFQVMTLESWSMGIVRPVMNVHPNAWVFFIPFIMLTTLTVLNLFIGIIVDAMAITKEQEEEAKTGHHQEPISQTLLHLGDRLDRIEKQLAQNNEL	CHHHHHHHHHHCCHHHHHHHHHHHHHHHHHHHHCCCCCCCHHHHHHHHHHHHHHHHHHHHHHHHHHHHHCHHHHCCCHHHHHHHHHHHHHCCCCCCCCCCCCCCHHHHHHHHHHHCHHHHHHHHHHHHHCHHHHHHHHHHHHHHHHHHHHHHHHHCCCCHHHHCCHHHHHHHHHHHHCCCCHHHHHHHHHHHHCCCCHHHHHHHHHHHHHHHHHHHHHHHHHHHHHHHHHHHHHHHCCCCCCHHHHHHHHHHHHHHHHHHHHCCCCC
3ll3	A	SLKYIIGDVGTTATKGVLYDINGKAVASVSKGYPLIQTKVGQAEEDPKLIFDAVQEIIFDLTQKIDGKIAAISWSSQHSLIGLGSDDELLTNSITWADNCAKSIVQDAKNRGFAQQIYRKTGPHPAPIYKLLWLKNKKTEVFSQAQKWIGIKEYIIFRLTGKLVTDTTAAGTGILNLKTLTWDQELLDILKIKKEQLPKIAQPTKVIFPIKTEYVKKLGIDSDTKIILGASDGYLSTIGVNAIDSDHCALNVGTSGAIRTIVDQPKIDPSASYFCYPADKTHYLLGGPVNNGGIVFNWARQTLFDADETPQDFLDVAQTAPAGSRNLIFLPYLGGERAPIWDANARGSFVGLTRHQKPEARAVIEGIIFNLYDAASNLIKNTKKPVAINATGGFLKSDFVRQLCANIFNVPIVTKEQQSGTLAAFLARQALGLNQDLSEIGQFAQADKVYFPNPKEAATYQKLFPLYCEIRNALAASYGKFS	CCEEEEEEECCCEEEEEEEECCCCEEEEEEEECCCECCCCCCCEECHHHHHHHHHHHHHHHHHCCCCEEEEEEEEECCCEEEECCCCCECCCEECCCCCCCHHHHHHHHHHCHHHHHHHHHCCCCCHHHHHHHHHHHCHHHHHHCCEEECHHHHHHHHHHCCCEEEHHHCCCCCECCCCCCECHHHHHHHCCCHHHCCEEECCCCEECCCCHHHHHHHCCCCCCEEEEEEEHHHHHHHCCCCCCCCEEEEEECCCEEEEEEECCCCCCCCCCCEEEEEECCEEEEEEEECCCHHHHHHHHHHHHCCCCCHHHHHHHHHCCCCCHHHCEEECCCCCECCCCCECCCCEEEEEECCCCHHHHHHHHHHHHHHHHHHHHHHHCCCCCCCEEEEECHHHCCHHHHHHHHHHHCCCEEECCCCHHHHHHHHHHHHCCCCCCHHHHHHCCCEEEEECCCHHHHHHHHHHHHHHHHHHHHHHHHCHHHC
4hz9	B	QNSPEAAAISFYTWFIQHDSDQTYPLSEPDIERYVATDTVGRLRNDYAHAGPPNGVDYFLKVQDYDSRDWLAHIQVQRALMLGDVAVVPVSFGSQDPVHVLVFLKRVDATWKIIKIDDTWEYR	CCCHHHHHHHHHHHHHHCCCCCCCHHHCHHHHHCECHHHHHHHHHHHHCCCCHHHCCCCCCCCCCCHHHHHHCEEECCCEEECCEEEEEEEECCCCCEEEEEEEEEECCEEEEEEEECCCCCC
6nnw	A	SHMTTSIDPTTPLTYNPVIDALVGSWRQIIDADYSADDTRLPDLAVLARSTARAVAAAVPRPLAEISAPDAPDERGELVLLEKVIQEVADREYTPLSPEGPSVGDLVLVTEKIYNSDREEIGADTGRLRIIRKDPETGHHFTVSLVTSTVQGNKLFAFGYTEMEAQLAGGRTTIQVACWDGPWAGMSGTLSWVINSMTAAESRYELRR	CCCCCCCCCCCCCCCCHHHHHHHHHHHHHHHCCCCCCCCEECCHHHHHHHHHHHHHHHCCEEHHHCCCCCCCCCCCCCEEEEEEEEEEEEEEECCCCCCCCCCCCEEEEEEEEECCCCCEEEEEEEEEEEEEECCCCCCEEEEEEEEEEECCEEEEEEEEEEHHHHHCCCCEEEEEEEEECCCCCCEEEEEEEECCCCEEEEEEEEEC
4ar9	A	TDINKLIEEGKKHYLPKTYTFDNGKIIIKAGDKVEESKIQKLYWASKEVKSQFHRIIGNDKPLEVGNADDILTIVIYNNPEEYKLNKTLYGYSVDNGGIYIEGIGTFFTYERTPQESIYSLEELFRHEFTHYLQGRYLIPGLFNKGDFYKGNNGRITWFEEGSAEFFAGSTRTSVLPRKSMVGGLSKNPKERFNADKLLHSKYSDGWDFYKYGYAFSDYMYNNNKKLFSDLVSTMKNNDVKGYEALIEESSKDSKINKDYEYHMENLVNNYDNYTIPLVSDDYMKQYDNKSLHEIKSDIEKAMDVKNSQITKESSQYFDTYNLKATYTLSSNKGEISNWNYMNNKINEALNKLDNLSWGGYKTVTAYFSNPRLNSNNEVVYDIVFHGLLSHN	CCHHHHHHHHHHHHCCEEEEECCCCEEEEECCCCCHHHHHHHHHHHHHHHHHHHHHHCCCCCCCCCCHHHCEEEEEECCHHHHCCHHHHCCCCCCCCEEEEHHHCEEEEECCCCCCCCCCHHHHHHHHHHHHHHHHHCCCCCCCCCHHHCCCCCCCHHHHHHHHHHHCCECCCCECCCHHHHCCCCCCHHHCCCHHHHHCCCHHHCCHHHHHHHHHHHHHHHHCHHHHHHHHHHHHCCCHHHHHHHHHHHHCCHHHHHHHHHHHHHHHHCHHHCCCCCCCHHHHCCCCCCCHHHHHHHHHHHHCCCCCEEEEEECCCEEEEEEEEEEECCCCCCHHHHHHHHHHHHHHHHHHHHCCCCHHHHHCEEEEEEEEECCCCCEEEEEEEEEEEEEC
5oh5	A	IRMAKNKEFFDALEEIAESAKNDETLRNELAKVLDDILKTDPSDPEAFRKIVAEHQEFWDEHDPSLMEFNEGRFFGKSRKQYLKSDDFLNSTDPTYNFQKLHQFAAEQRVKLGLEKSDTDTLVAILKNNPEECRAYIESKKPGLGNFSEGNVHGWLKEEYTPTIPPKAINKSTGVLSDEAIKRIKEQARDLLLLKLINSSGNTQLLKDLRDAMSKPEAERAANALGFPTEGNGVLFLSREVVDALEERVEKLEQEAAKRGFDSYVQSL	CCCCCHHHHHHHHHHHHHHCCCCHHHHHHHHHHHHHHHHCCCCCHHHHHHHHHCCHHHHHCCCCCCCCCCCCCCCCCCHHHHCCCCCCCCCCCCCCCHHHHHHHHHHHHHHHHHCCCCHHHHHHHHHCCHHHHHHHHHHCCCECECCCCCCCCCCCCCEEECCCCCEEECCCCCCCCHHHHHHHHHHHHHHHHHHHHHHCCCHHHHHHHHCCCCHHHHHHHHHHHCCCHHHHHHCCCCHHHHHHHHHHHHHHHHHHHHHHHHHHHCCC
8yqk	A	GPIIENCAAFIEKTMSKYAITLSDGTILKSTIKNETLKKTFPILKNLLKDQIPTGSSFFKLPVVFFRVTDNVIVILLTNEKENIILSMFELFSTQFAEKLALEYPRTYE	CHHHHHHHHHHHCCCCCEEEEECCCCEEEECCCHHHHHHHHHHHHHHHHCCCCCCCEEEECCEEEEEEECCEEEEEECCCCHHHHHHHHHHHHHHHHHHHHHHCCCCCC
5muz	A	NLFDYQFTGTPEEPIKGYWTTTISYRDSKPKISLTIRQEFVEGGVESQAVLATVVGRPHLQDFLLLKRKHLEYSDYPESIDLIEFGDVKVIEK	CCEEEEEECCCCCCECCEEEEEEEECCCCCCCEEEEEEEEECCEEEEEEEEEECCCCCHHHHHHHHHHHHHHHCCCHHHHCCCCHHHCEEEEC
2bo9	B	MEIPPTNYPASRAALVAQNYINYQQGTPHRVFEVQKVKQASMEDIPGRGHKYRLKFAVEEIIQKQVKVNCTAEVLYPSTGQETAPEVNFTFEGETGKNPDEEDNTFYQRLKSMKEPLEAQNIPDNFGNVSPEMTLVLHLAWVACGYIIWQNSTEDTWYKMVKIQTVKQVQRNDDFIELDYTILLHNIASQEIIPWQMQVLWHPQYGTKVKHNSRLPK	CECCCCCHHHHHHHHHHHHHHHHHHCECCECEEEEEEEEEEEEEECCCEEEEEEEEEEEECCCCCCEEEEEEEEEEECCCCCCCCEEEEEECCCCCCCCHHHHHHHHHHHHHCCCCCEEEEECCCCCCCCHHHHHHHHHHHHHHHHHHHHHCCCCCCEEEEEEEEEEEECCCCCCEEEEEEEEEEECCCCEEEEEEEEEEEECCCEEEEEEEEECCC
4uj7	A	NPVLETIAVDSTGVSVAKGQKATFKVTLKDQYGNKFTGNVNVTSDKTETATVSVSNSGIGQSEYTVTVNGVAEGSTTITIKSGTKEVKVPVNVVAGGPVANYQIKVLDDGKIDKSATESPANNDVQLKVYAVDANGNIVGDITNDVTITSEATDTNGVIVNASKSTANGDTVYVITDNGSKKVGKETLTVKLGTVTLGTVDVEVIDTT	CCCEEEEEECCCCEEEECCCEEEEEEEEEECCCCECCECCEEEECCCCCEEEEEHHHHCCECEEEEEEEECCCEEEEEEEEECCEEEEEEEEEECCCCEEEEEEEECCCCEEECCCCCCCCCCEEEEEEEEEECCCCEEEECCCCCEEECCCCCCCCCCEEEEEEEECCEEEEEEEECCCCCCEEEEEEEEECCEEEEEEEEEEECCC
5lq7	A	SSQDIISRINSKNINNNDSNEVKRIKDALSIESKERILYPQNLSRDNLKQMARYVNNTYVHYSGNAVLLSACLHYNIHHRQDILSSKNTASPTVGLDSAIVDKIIFGHELNQSYSLNSIDEVEKEILNRYDIKRESSFIISAENYIAPIIGESGHDFNAVVISEYDKKPYVQFIDSWKTSNILPSLQEIKKHFSSSGEFYVRAYDE	CHHHHHHHHCCCCCCCCCHHHHHHHHHHEEECCCCCCCCCCCCCHHHHHHHHHHHECCCCCCCCCHHHHHHHHHHHHHHCCCCEEECCCCCCCCCCCHHHHHHHHHCCCCCECCCECCHHHHHHHHHHHHHHHCCCEEEEEEEEEEECCCEEEEEEEEEEEECCCCCCCEEEEECCCCCCCCCCCHHHHHCCECCCCCEEEECCCC
3vmn	A	NGNMINLTTDKAVYQAGEAVHLNLTLNNTTSLAQNITATAEVYSLENKLKTLQYTKYLLPNESYTTQKGEFVIPANSLANNRGYLLKVNISDSQNNILEQGNRAIAVEDDWRTFPRYAAIGGSQKDNNSVLTKNLPDYYRELEQMKNMNINSYFFYDVYKSATNPFPNVPKFDQSWNWWSHSQVETDAVKALVNRVHQTGAVAMLYNMILAQNANETAVLPDTEYIYNYETGGYGQNGQVMTYSIDDKPLQYYYNPLSKSWQNYISNAMAQAMKNGGFDGWQGDTIGDNRVLSHNQKDSRDIAHSFMLSDVYAEFLNKMKEKLPQYYLTLNDVNGENISKLANSKQDVIYNELWPFGTSALGNRPQESYGDLKARVDQVRQATGKSLIVGAYMEEPKFDDNRIPLNGAARDVLASATYQTDAVLLTTAAIAAAGGYHMSLAALANPNDGGGVGVLETAYYPTQSLKVSKELNRKNYHYQQFITAYENLLRDKVENDSAEPQTFTANGRQLSQDALGINGDQVWTYAKKGNDFRTIQLLNLMGITSDWKNEDGYENNKTPDEQTNLLVTYPLTGVSMAEADRIAKQVYLTSPDDWLQSSMISLATQVKTNENGDPVLYIQVPRLTLWDMIYILE	CCCCCCCEECCCCECCCCCEEEECEEECCCCCCEEEEEEEEEEECCEEEEEEEEEEEECCCCEEECCCCCEEECCCCCCCCEEEEEEEEEECCCCCEEEEEEEEEEECCCCCCCCCEEEECCEHHHCCEECHHHHHHHHHHHHHHHHCCCCEEEECCCCCECCECCCCCCEEECCCCCCCCCEEEHHHHHHHHHHHHHCCCEEEEEEECCEEECCCCCCCCHHHECEECCCECCECCCCECEEEECCEEEEEEECCCCHHHHHHHHHHHHHHHHHHCCCEEEEECCCCCEEECHHHCCCCCHHHCEEHHHCHHHHHHHHHHHCCCCEEEECCHHHCCHHHHCCCCCCCEEEECCCCCECCCCCCECCEHHHHHHHHHHHHHHHCCCEEEECCCCCCCECCCCCECCHHHHHHHCCCECCHHHHHHHHHHHHHHCCEEECEEECCCHHHCCCCEECCCCCCCCCCCECCHHHHHHHHHHHHHHHHCHHHHHCCCEECCCCCEEECCCCCECCCCCCCCCCCCEEEEEEECCCEEEEEEEECCCCCCECCCCCHHHCCCCCCCEEEEEEEEECCCCCHHHHHHHHCCEEEECCCCCCCCCEEECCEEEEECCCCCEEEEEEEEEECCEEEEEEEC
9q2g	A	KITARILYDRLKDSKGLYVFTDPSDASLIDIQELIAECPFETENSTEWHVTVLYCKEEKLPDSIDVPEPKSLTARAKELTIWQDHKGRDICVMLLDSPDLEAVNRKLVSQGLPHGHPEYNAHLTLAYQFENNAAARLFIEECNQHLQNYPLFLTFDGLKATRMM	CCCCCCEECCCCCCCEEEEEECECHHHHHHHHHHCCCCCCCCCCHHHCCEEEEEECCCCCCCCCCCCCCCCEEEEEEEEEEEEECCCCEEEEEEEECHHHHHHHHHHHCCCCCCCCCCCCCEEEEEECCCCCHHHHHHHHHHHHHHHHCCCEEEECCCEEEEEC
9eze	A	EPQIYRWIREWGRDYVSELPTEVQKLKEKCDGKINYTDKKVCKVPPCQNACKSYDQWITRKKNQWDVLSNKFISVKNAEKVQTAGIVTPYDILKQELDEFNEVAFENEINKRDGAYIELCVCS	CHHHHHHHHHHHHHHHHHHHHHHHHHHHHHCCCCCCCCCHHHCCHHHHHHHHHHHHHHHHHHHHHHHHHHHHHHHHHHCCCCCCCCCCHHHHHHHHCCCCCHHHHHHHHCCCCHHHHHHHCCC
4esn	A	YFQGAVVTVDGEVYGTYSLAKDQTIEIQDGNRLRIQNGQAKEWADCPDQLCVHQKAISRTGESIICLPNQVVVSVQG	CCCEEEEEECCEEEEEEECCCCEEEEECCCEEEEEECCEEEEEECCCCCHHHHCCCECCCCCEEEECCCCEEEEEEC
